https://wwwq.moex.gov.tw/exam/wHandExamQandA_File.ashx?t=Q&code=100030&c=105&s=0108&q=1	D:\Antigravity\test\護理師高考歷屆試題\100年_第一次\1_基礎醫學_試題.pdf
https://wwwq.moex.gov.tw/exam/wHandExamQandA_File.ashx?t=S&code=100030&c=105&s=0108&q=1	D:\Antigravity\test\護理師高考歷屆試題\100年_第一次\1_基礎醫學_答案.pdf
https://wwwq.moex.gov.tw/exam/wHandExamQandA_File.ashx?t=Q&code=100030&c=105&s=0401&q=1	D:\Antigravity\test\護理師高考歷屆試題\100年_第一次\2_基本護理學與護理行政_試題.pdf
https://wwwq.moex.gov.tw/exam/wHandExamQandA_File.ashx?t=S&code=100030&c=105&s=0401&q=1	D:\Antigravity\test\護理師高考歷屆試題\100年_第一次\2_基本護理學與護理行政_答案.pdf
https://wwwq.moex.gov.tw/exam/wHandExamQandA_File.ashx?t=Q&code=100030&c=105&s=0402&q=1	D:\Antigravity\test\護理師高考歷屆試題\100年_第一次\3_內外科護理學_試題.pdf
https://wwwq.moex.gov.tw/exam/wHandExamQandA_File.ashx?t=M&code=100030&c=105&s=0402&q=1	D:\Antigravity\test\護理師高考歷屆試題\100年_第一次\3_內外科護理學_更正答案.pdf
https://wwwq.moex.gov.tw/exam/wHandExamQandA_File.ashx?t=Q&code=100030&c=105&s=0403&q=1	D:\Antigravity\test\護理師高考歷屆試題\100年_第一次\4_產兒科護理學_試題.pdf
https://wwwq.moex.gov.tw/exam/wHandExamQandA_File.ashx?t=S&code=100030&c=105&s=0403&q=1	D:\Antigravity\test\護理師高考歷屆試題\100年_第一次\4_產兒科護理學_答案.pdf
https://wwwq.moex.gov.tw/exam/wHandExamQandA_File.ashx?t=Q&code=100030&c=105&s=0404&q=1	D:\Antigravity\test\護理師高考歷屆試題\100年_第一次\5_精神科與社區衛生護理學_試題.pdf
https://wwwq.moex.gov.tw/exam/wHandExamQandA_File.ashx?t=M&code=100030&c=105&s=0404&q=1	D:\Antigravity\test\護理師高考歷屆試題\100年_第一次\5_精神科與社區衛生護理學_更正答案.pdf
https://wwwq.moex.gov.tw/exam/wHandExamQandA_File.ashx?t=Q&code=100140&c=105&s=0108&q=1	D:\Antigravity\test\護理師高考歷屆試題\100年_第二次\1_基礎醫學_試題.pdf
https://wwwq.moex.gov.tw/exam/wHandExamQandA_File.ashx?t=S&code=100140&c=105&s=0108&q=1	D:\Antigravity\test\護理師高考歷屆試題\100年_第二次\1_基礎醫學_答案.pdf
https://wwwq.moex.gov.tw/exam/wHandExamQandA_File.ashx?t=Q&code=100140&c=105&s=0401&q=1	D:\Antigravity\test\護理師高考歷屆試題\100年_第二次\2_基本護理學與護理行政_試題.pdf
https://wwwq.moex.gov.tw/exam/wHandExamQandA_File.ashx?t=S&code=100140&c=105&s=0401&q=1	D:\Antigravity\test\護理師高考歷屆試題\100年_第二次\2_基本護理學與護理行政_答案.pdf
https://wwwq.moex.gov.tw/exam/wHandExamQandA_File.ashx?t=Q&code=100140&c=105&s=0402&q=1	D:\Antigravity\test\護理師高考歷屆試題\100年_第二次\3_內外科護理學_試題.pdf
https://wwwq.moex.gov.tw/exam/wHandExamQandA_File.ashx?t=S&code=100140&c=105&s=0402&q=1	D:\Antigravity\test\護理師高考歷屆試題\100年_第二次\3_內外科護理學_答案.pdf
https://wwwq.moex.gov.tw/exam/wHandExamQandA_File.ashx?t=M&code=100140&c=105&s=0402&q=1	D:\Antigravity\test\護理師高考歷屆試題\100年_第二次\3_內外科護理學_更正答案.pdf
https://wwwq.moex.gov.tw/exam/wHandExamQandA_File.ashx?t=Q&code=100140&c=105&s=0403&q=1	D:\Antigravity\test\護理師高考歷屆試題\100年_第二次\4_產兒科護理學_試題.pdf
https://wwwq.moex.gov.tw/exam/wHandExamQandA_File.ashx?t=S&code=100140&c=105&s=0403&q=1	D:\Antigravity\test\護理師高考歷屆試題\100年_第二次\4_產兒科護理學_答案.pdf
https://wwwq.moex.gov.tw/exam/wHandExamQandA_File.ashx?t=Q&code=100140&c=105&s=0404&q=1	D:\Antigravity\test\護理師高考歷屆試題\100年_第二次\5_精神科與社區衛生護理學_試題.pdf
https://wwwq.moex.gov.tw/exam/wHandExamQandA_File.ashx?t=S&code=100140&c=105&s=0404&q=1	D:\Antigravity\test\護理師高考歷屆試題\100年_第二次\5_精神科與社區衛生護理學_答案.pdf
https://wwwq.moex.gov.tw/exam/wHandExamQandA_File.ashx?t=M&code=100140&c=105&s=0404&q=1	D:\Antigravity\test\護理師高考歷屆試題\100年_第二次\5_精神科與社區衛生護理學_更正答案.pdf
https://wwwq.moex.gov.tw/exam/wHandExamQandA_File.ashx?t=Q&code=101030&c=105&s=0108&q=1	D:\Antigravity\test\護理師高考歷屆試題\101年_第一次\1_基礎醫學_試題.pdf
https://wwwq.moex.gov.tw/exam/wHandExamQandA_File.ashx?t=S&code=101030&c=105&s=0108&q=1	D:\Antigravity\test\護理師高考歷屆試題\101年_第一次\1_基礎醫學_答案.pdf
https://wwwq.moex.gov.tw/exam/wHandExamQandA_File.ashx?t=M&code=101030&c=105&s=0108&q=1	D:\Antigravity\test\護理師高考歷屆試題\101年_第一次\1_基礎醫學_更正答案.pdf
https://wwwq.moex.gov.tw/exam/wHandExamQandA_File.ashx?t=Q&code=101030&c=105&s=0401&q=1	D:\Antigravity\test\護理師高考歷屆試題\101年_第一次\2_基本護理學與護理行政_試題.pdf
https://wwwq.moex.gov.tw/exam/wHandExamQandA_File.ashx?t=S&code=101030&c=105&s=0401&q=1	D:\Antigravity\test\護理師高考歷屆試題\101年_第一次\2_基本護理學與護理行政_答案.pdf
https://wwwq.moex.gov.tw/exam/wHandExamQandA_File.ashx?t=Q&code=101030&c=105&s=0402&q=1	D:\Antigravity\test\護理師高考歷屆試題\101年_第一次\3_內外科護理學_試題.pdf
https://wwwq.moex.gov.tw/exam/wHandExamQandA_File.ashx?t=S&code=101030&c=105&s=0402&q=1	D:\Antigravity\test\護理師高考歷屆試題\101年_第一次\3_內外科護理學_答案.pdf
https://wwwq.moex.gov.tw/exam/wHandExamQandA_File.ashx?t=M&code=101030&c=105&s=0402&q=1	D:\Antigravity\test\護理師高考歷屆試題\101年_第一次\3_內外科護理學_更正答案.pdf
https://wwwq.moex.gov.tw/exam/wHandExamQandA_File.ashx?t=Q&code=101030&c=105&s=0403&q=1	D:\Antigravity\test\護理師高考歷屆試題\101年_第一次\4_產兒科護理學_試題.pdf
https://wwwq.moex.gov.tw/exam/wHandExamQandA_File.ashx?t=S&code=101030&c=105&s=0403&q=1	D:\Antigravity\test\護理師高考歷屆試題\101年_第一次\4_產兒科護理學_答案.pdf
https://wwwq.moex.gov.tw/exam/wHandExamQandA_File.ashx?t=Q&code=101030&c=105&s=0404&q=1	D:\Antigravity\test\護理師高考歷屆試題\101年_第一次\5_精神科與社區衛生護理學_試題.pdf
https://wwwq.moex.gov.tw/exam/wHandExamQandA_File.ashx?t=S&code=101030&c=105&s=0404&q=1	D:\Antigravity\test\護理師高考歷屆試題\101年_第一次\5_精神科與社區衛生護理學_答案.pdf
https://wwwq.moex.gov.tw/exam/wHandExamQandA_File.ashx?t=Q&code=101110&c=109&s=0108&q=1	D:\Antigravity\test\護理師高考歷屆試題\101年_第二次\1_基礎醫學_試題.pdf
https://wwwq.moex.gov.tw/exam/wHandExamQandA_File.ashx?t=S&code=101110&c=109&s=0108&q=1	D:\Antigravity\test\護理師高考歷屆試題\101年_第二次\1_基礎醫學_答案.pdf
https://wwwq.moex.gov.tw/exam/wHandExamQandA_File.ashx?t=M&code=101110&c=109&s=0108&q=1	D:\Antigravity\test\護理師高考歷屆試題\101年_第二次\1_基礎醫學_更正答案.pdf
https://wwwq.moex.gov.tw/exam/wHandExamQandA_File.ashx?t=Q&code=101110&c=109&s=0601&q=1	D:\Antigravity\test\護理師高考歷屆試題\101年_第二次\2_基本護理學與護理行政_試題.pdf
https://wwwq.moex.gov.tw/exam/wHandExamQandA_File.ashx?t=S&code=101110&c=109&s=0601&q=1	D:\Antigravity\test\護理師高考歷屆試題\101年_第二次\2_基本護理學與護理行政_答案.pdf
https://wwwq.moex.gov.tw/exam/wHandExamQandA_File.ashx?t=M&code=101110&c=109&s=0601&q=1	D:\Antigravity\test\護理師高考歷屆試題\101年_第二次\2_基本護理學與護理行政_更正答案.pdf
https://wwwq.moex.gov.tw/exam/wHandExamQandA_File.ashx?t=Q&code=101110&c=109&s=0602&q=1	D:\Antigravity\test\護理師高考歷屆試題\101年_第二次\3_內外科護理學_試題.pdf
https://wwwq.moex.gov.tw/exam/wHandExamQandA_File.ashx?t=S&code=101110&c=109&s=0602&q=1	D:\Antigravity\test\護理師高考歷屆試題\101年_第二次\3_內外科護理學_答案.pdf
https://wwwq.moex.gov.tw/exam/wHandExamQandA_File.ashx?t=M&code=101110&c=109&s=0602&q=1	D:\Antigravity\test\護理師高考歷屆試題\101年_第二次\3_內外科護理學_更正答案.pdf
https://wwwq.moex.gov.tw/exam/wHandExamQandA_File.ashx?t=Q&code=101110&c=109&s=0603&q=1	D:\Antigravity\test\護理師高考歷屆試題\101年_第二次\4_產兒科護理學_試題.pdf
https://wwwq.moex.gov.tw/exam/wHandExamQandA_File.ashx?t=S&code=101110&c=109&s=0603&q=1	D:\Antigravity\test\護理師高考歷屆試題\101年_第二次\4_產兒科護理學_答案.pdf
https://wwwq.moex.gov.tw/exam/wHandExamQandA_File.ashx?t=Q&code=101110&c=109&s=0604&q=1	D:\Antigravity\test\護理師高考歷屆試題\101年_第二次\5_精神科與社區衛生護理學_試題.pdf
https://wwwq.moex.gov.tw/exam/wHandExamQandA_File.ashx?t=S&code=101110&c=109&s=0604&q=1	D:\Antigravity\test\護理師高考歷屆試題\101年_第二次\5_精神科與社區衛生護理學_答案.pdf
https://wwwq.moex.gov.tw/exam/wHandExamQandA_File.ashx?t=Q&code=102030&c=110&s=0108&q=1	D:\Antigravity\test\護理師高考歷屆試題\102年_第一次\1_基礎醫學_試題.pdf
https://wwwq.moex.gov.tw/exam/wHandExamQandA_File.ashx?t=S&code=102030&c=110&s=0108&q=1	D:\Antigravity\test\護理師高考歷屆試題\102年_第一次\1_基礎醫學_答案.pdf
https://wwwq.moex.gov.tw/exam/wHandExamQandA_File.ashx?t=M&code=102030&c=110&s=0108&q=1	D:\Antigravity\test\護理師高考歷屆試題\102年_第一次\1_基礎醫學_更正答案.pdf
https://wwwq.moex.gov.tw/exam/wHandExamQandA_File.ashx?t=Q&code=102030&c=110&s=0601&q=1	D:\Antigravity\test\護理師高考歷屆試題\102年_第一次\2_基本護理學與護理行政_試題.pdf
https://wwwq.moex.gov.tw/exam/wHandExamQandA_File.ashx?t=S&code=102030&c=110&s=0601&q=1	D:\Antigravity\test\護理師高考歷屆試題\102年_第一次\2_基本護理學與護理行政_答案.pdf
https://wwwq.moex.gov.tw/exam/wHandExamQandA_File.ashx?t=M&code=102030&c=110&s=0601&q=1	D:\Antigravity\test\護理師高考歷屆試題\102年_第一次\2_基本護理學與護理行政_更正答案.pdf
https://wwwq.moex.gov.tw/exam/wHandExamQandA_File.ashx?t=Q&code=102030&c=110&s=0602&q=1	D:\Antigravity\test\護理師高考歷屆試題\102年_第一次\3_內外科護理學_試題.pdf
https://wwwq.moex.gov.tw/exam/wHandExamQandA_File.ashx?t=S&code=102030&c=110&s=0602&q=1	D:\Antigravity\test\護理師高考歷屆試題\102年_第一次\3_內外科護理學_答案.pdf
https://wwwq.moex.gov.tw/exam/wHandExamQandA_File.ashx?t=M&code=102030&c=110&s=0602&q=1	D:\Antigravity\test\護理師高考歷屆試題\102年_第一次\3_內外科護理學_更正答案.pdf
https://wwwq.moex.gov.tw/exam/wHandExamQandA_File.ashx?t=Q&code=102030&c=110&s=0603&q=1	D:\Antigravity\test\護理師高考歷屆試題\102年_第一次\4_產兒科護理學_試題.pdf
https://wwwq.moex.gov.tw/exam/wHandExamQandA_File.ashx?t=S&code=102030&c=110&s=0603&q=1	D:\Antigravity\test\護理師高考歷屆試題\102年_第一次\4_產兒科護理學_答案.pdf
https://wwwq.moex.gov.tw/exam/wHandExamQandA_File.ashx?t=M&code=102030&c=110&s=0603&q=1	D:\Antigravity\test\護理師高考歷屆試題\102年_第一次\4_產兒科護理學_更正答案.pdf
https://wwwq.moex.gov.tw/exam/wHandExamQandA_File.ashx?t=Q&code=102030&c=110&s=0604&q=1	D:\Antigravity\test\護理師高考歷屆試題\102年_第一次\5_精神科與社區衛生護理學_試題.pdf
https://wwwq.moex.gov.tw/exam/wHandExamQandA_File.ashx?t=S&code=102030&c=110&s=0604&q=1	D:\Antigravity\test\護理師高考歷屆試題\102年_第一次\5_精神科與社區衛生護理學_答案.pdf
https://wwwq.moex.gov.tw/exam/wHandExamQandA_File.ashx?t=Q&code=102110&c=109&s=0107&q=1	D:\Antigravity\test\護理師高考歷屆試題\102年_第二次\1_基礎醫學_試題.pdf
https://wwwq.moex.gov.tw/exam/wHandExamQandA_File.ashx?t=S&code=102110&c=109&s=0107&q=1	D:\Antigravity\test\護理師高考歷屆試題\102年_第二次\1_基礎醫學_答案.pdf
https://wwwq.moex.gov.tw/exam/wHandExamQandA_File.ashx?t=M&code=102110&c=109&s=0107&q=1	D:\Antigravity\test\護理師高考歷屆試題\102年_第二次\1_基礎醫學_更正答案.pdf
https://wwwq.moex.gov.tw/exam/wHandExamQandA_File.ashx?t=Q&code=102110&c=109&s=0501&q=1	D:\Antigravity\test\護理師高考歷屆試題\102年_第二次\2_基本護理學與護理行政_試題.pdf
https://wwwq.moex.gov.tw/exam/wHandExamQandA_File.ashx?t=S&code=102110&c=109&s=0501&q=1	D:\Antigravity\test\護理師高考歷屆試題\102年_第二次\2_基本護理學與護理行政_答案.pdf
https://wwwq.moex.gov.tw/exam/wHandExamQandA_File.ashx?t=Q&code=102110&c=109&s=0502&q=1	D:\Antigravity\test\護理師高考歷屆試題\102年_第二次\3_內外科護理學_試題.pdf
https://wwwq.moex.gov.tw/exam/wHandExamQandA_File.ashx?t=S&code=102110&c=109&s=0502&q=1	D:\Antigravity\test\護理師高考歷屆試題\102年_第二次\3_內外科護理學_答案.pdf
https://wwwq.moex.gov.tw/exam/wHandExamQandA_File.ashx?t=Q&code=102110&c=109&s=0503&q=1	D:\Antigravity\test\護理師高考歷屆試題\102年_第二次\4_產兒科護理學_試題.pdf
https://wwwq.moex.gov.tw/exam/wHandExamQandA_File.ashx?t=S&code=102110&c=109&s=0503&q=1	D:\Antigravity\test\護理師高考歷屆試題\102年_第二次\4_產兒科護理學_答案.pdf
https://wwwq.moex.gov.tw/exam/wHandExamQandA_File.ashx?t=M&code=102110&c=109&s=0503&q=1	D:\Antigravity\test\護理師高考歷屆試題\102年_第二次\4_產兒科護理學_更正答案.pdf
https://wwwq.moex.gov.tw/exam/wHandExamQandA_File.ashx?t=Q&code=102110&c=109&s=0504&q=1	D:\Antigravity\test\護理師高考歷屆試題\102年_第二次\5_精神科與社區衛生護理學_試題.pdf
https://wwwq.moex.gov.tw/exam/wHandExamQandA_File.ashx?t=S&code=102110&c=109&s=0504&q=1	D:\Antigravity\test\護理師高考歷屆試題\102年_第二次\5_精神科與社區衛生護理學_答案.pdf
https://wwwq.moex.gov.tw/exam/wHandExamQandA_File.ashx?t=Q&code=103030&c=109&s=0107&q=1	D:\Antigravity\test\護理師高考歷屆試題\103年_第一次\1_基礎醫學_試題.pdf
https://wwwq.moex.gov.tw/exam/wHandExamQandA_File.ashx?t=S&code=103030&c=109&s=0107&q=1	D:\Antigravity\test\護理師高考歷屆試題\103年_第一次\1_基礎醫學_答案.pdf
https://wwwq.moex.gov.tw/exam/wHandExamQandA_File.ashx?t=M&code=103030&c=109&s=0107&q=1	D:\Antigravity\test\護理師高考歷屆試題\103年_第一次\1_基礎醫學_更正答案.pdf
https://wwwq.moex.gov.tw/exam/wHandExamQandA_File.ashx?t=Q&code=103030&c=109&s=0501&q=1	D:\Antigravity\test\護理師高考歷屆試題\103年_第一次\2_基本護理學與護理行政_試題.pdf
https://wwwq.moex.gov.tw/exam/wHandExamQandA_File.ashx?t=S&code=103030&c=109&s=0501&q=1	D:\Antigravity\test\護理師高考歷屆試題\103年_第一次\2_基本護理學與護理行政_答案.pdf
https://wwwq.moex.gov.tw/exam/wHandExamQandA_File.ashx?t=Q&code=103030&c=109&s=0502&q=1	D:\Antigravity\test\護理師高考歷屆試題\103年_第一次\3_內外科護理學_試題.pdf
https://wwwq.moex.gov.tw/exam/wHandExamQandA_File.ashx?t=S&code=103030&c=109&s=0502&q=1	D:\Antigravity\test\護理師高考歷屆試題\103年_第一次\3_內外科護理學_答案.pdf
https://wwwq.moex.gov.tw/exam/wHandExamQandA_File.ashx?t=Q&code=103030&c=109&s=0503&q=1	D:\Antigravity\test\護理師高考歷屆試題\103年_第一次\4_產兒科護理學_試題.pdf
https://wwwq.moex.gov.tw/exam/wHandExamQandA_File.ashx?t=S&code=103030&c=109&s=0503&q=1	D:\Antigravity\test\護理師高考歷屆試題\103年_第一次\4_產兒科護理學_答案.pdf
https://wwwq.moex.gov.tw/exam/wHandExamQandA_File.ashx?t=M&code=103030&c=109&s=0503&q=1	D:\Antigravity\test\護理師高考歷屆試題\103年_第一次\4_產兒科護理學_更正答案.pdf
https://wwwq.moex.gov.tw/exam/wHandExamQandA_File.ashx?t=Q&code=103030&c=109&s=0504&q=1	D:\Antigravity\test\護理師高考歷屆試題\103年_第一次\5_精神科與社區衛生護理學_試題.pdf
https://wwwq.moex.gov.tw/exam/wHandExamQandA_File.ashx?t=S&code=103030&c=109&s=0504&q=1	D:\Antigravity\test\護理師高考歷屆試題\103年_第一次\5_精神科與社區衛生護理學_答案.pdf
https://wwwq.moex.gov.tw/exam/wHandExamQandA_File.ashx?t=Q&code=103100&c=109&s=0107&q=1	D:\Antigravity\test\護理師高考歷屆試題\103年_第二次\1_基礎醫學_試題.pdf
https://wwwq.moex.gov.tw/exam/wHandExamQandA_File.ashx?t=S&code=103100&c=109&s=0107&q=1	D:\Antigravity\test\護理師高考歷屆試題\103年_第二次\1_基礎醫學_答案.pdf
https://wwwq.moex.gov.tw/exam/wHandExamQandA_File.ashx?t=M&code=103100&c=109&s=0107&q=1	D:\Antigravity\test\護理師高考歷屆試題\103年_第二次\1_基礎醫學_更正答案.pdf
https://wwwq.moex.gov.tw/exam/wHandExamQandA_File.ashx?t=Q&code=103100&c=109&s=0501&q=1	D:\Antigravity\test\護理師高考歷屆試題\103年_第二次\2_基本護理學與護理行政_試題.pdf
https://wwwq.moex.gov.tw/exam/wHandExamQandA_File.ashx?t=S&code=103100&c=109&s=0501&q=1	D:\Antigravity\test\護理師高考歷屆試題\103年_第二次\2_基本護理學與護理行政_答案.pdf
https://wwwq.moex.gov.tw/exam/wHandExamQandA_File.ashx?t=M&code=103100&c=109&s=0501&q=1	D:\Antigravity\test\護理師高考歷屆試題\103年_第二次\2_基本護理學與護理行政_更正答案.pdf
https://wwwq.moex.gov.tw/exam/wHandExamQandA_File.ashx?t=Q&code=103100&c=109&s=0502&q=1	D:\Antigravity\test\護理師高考歷屆試題\103年_第二次\3_內外科護理學_試題.pdf
https://wwwq.moex.gov.tw/exam/wHandExamQandA_File.ashx?t=S&code=103100&c=109&s=0502&q=1	D:\Antigravity\test\護理師高考歷屆試題\103年_第二次\3_內外科護理學_答案.pdf
https://wwwq.moex.gov.tw/exam/wHandExamQandA_File.ashx?t=M&code=103100&c=109&s=0502&q=1	D:\Antigravity\test\護理師高考歷屆試題\103年_第二次\3_內外科護理學_更正答案.pdf
https://wwwq.moex.gov.tw/exam/wHandExamQandA_File.ashx?t=Q&code=103100&c=109&s=0503&q=1	D:\Antigravity\test\護理師高考歷屆試題\103年_第二次\4_產兒科護理學_試題.pdf
https://wwwq.moex.gov.tw/exam/wHandExamQandA_File.ashx?t=S&code=103100&c=109&s=0503&q=1	D:\Antigravity\test\護理師高考歷屆試題\103年_第二次\4_產兒科護理學_答案.pdf
https://wwwq.moex.gov.tw/exam/wHandExamQandA_File.ashx?t=Q&code=103100&c=109&s=0504&q=1	D:\Antigravity\test\護理師高考歷屆試題\103年_第二次\5_精神科與社區衛生護理學_試題.pdf
https://wwwq.moex.gov.tw/exam/wHandExamQandA_File.ashx?t=S&code=103100&c=109&s=0504&q=1	D:\Antigravity\test\護理師高考歷屆試題\103年_第二次\5_精神科與社區衛生護理學_答案.pdf
https://wwwq.moex.gov.tw/exam/wHandExamQandA_File.ashx?t=Q&code=104030&c=109&s=0107&q=1	D:\Antigravity\test\護理師高考歷屆試題\104年_第一次\1_基礎醫學_試題.pdf
https://wwwq.moex.gov.tw/exam/wHandExamQandA_File.ashx?t=S&code=104030&c=109&s=0107&q=1	D:\Antigravity\test\護理師高考歷屆試題\104年_第一次\1_基礎醫學_答案.pdf
https://wwwq.moex.gov.tw/exam/wHandExamQandA_File.ashx?t=Q&code=104030&c=109&s=0501&q=1	D:\Antigravity\test\護理師高考歷屆試題\104年_第一次\2_基本護理學與護理行政_試題.pdf
https://wwwq.moex.gov.tw/exam/wHandExamQandA_File.ashx?t=S&code=104030&c=109&s=0501&q=1	D:\Antigravity\test\護理師高考歷屆試題\104年_第一次\2_基本護理學與護理行政_答案.pdf
https://wwwq.moex.gov.tw/exam/wHandExamQandA_File.ashx?t=Q&code=104030&c=109&s=0502&q=1	D:\Antigravity\test\護理師高考歷屆試題\104年_第一次\3_內外科護理學_試題.pdf
https://wwwq.moex.gov.tw/exam/wHandExamQandA_File.ashx?t=S&code=104030&c=109&s=0502&q=1	D:\Antigravity\test\護理師高考歷屆試題\104年_第一次\3_內外科護理學_答案.pdf
https://wwwq.moex.gov.tw/exam/wHandExamQandA_File.ashx?t=M&code=104030&c=109&s=0502&q=1	D:\Antigravity\test\護理師高考歷屆試題\104年_第一次\3_內外科護理學_更正答案.pdf
https://wwwq.moex.gov.tw/exam/wHandExamQandA_File.ashx?t=Q&code=104030&c=109&s=0503&q=1	D:\Antigravity\test\護理師高考歷屆試題\104年_第一次\4_產兒科護理學_試題.pdf
https://wwwq.moex.gov.tw/exam/wHandExamQandA_File.ashx?t=S&code=104030&c=109&s=0503&q=1	D:\Antigravity\test\護理師高考歷屆試題\104年_第一次\4_產兒科護理學_答案.pdf
https://wwwq.moex.gov.tw/exam/wHandExamQandA_File.ashx?t=M&code=104030&c=109&s=0503&q=1	D:\Antigravity\test\護理師高考歷屆試題\104年_第一次\4_產兒科護理學_更正答案.pdf
https://wwwq.moex.gov.tw/exam/wHandExamQandA_File.ashx?t=Q&code=104030&c=109&s=0504&q=1	D:\Antigravity\test\護理師高考歷屆試題\104年_第一次\5_精神科與社區衛生護理學_試題.pdf
https://wwwq.moex.gov.tw/exam/wHandExamQandA_File.ashx?t=S&code=104030&c=109&s=0504&q=1	D:\Antigravity\test\護理師高考歷屆試題\104年_第一次\5_精神科與社區衛生護理學_答案.pdf
https://wwwq.moex.gov.tw/exam/wHandExamQandA_File.ashx?t=M&code=104030&c=109&s=0504&q=1	D:\Antigravity\test\護理師高考歷屆試題\104年_第一次\5_精神科與社區衛生護理學_更正答案.pdf
https://wwwq.moex.gov.tw/exam/wHandExamQandA_File.ashx?t=Q&code=104100&c=106&s=0501&q=1	D:\Antigravity\test\護理師高考歷屆試題\104年_第二次\1_基礎醫學_試題.pdf
https://wwwq.moex.gov.tw/exam/wHandExamQandA_File.ashx?t=S&code=104100&c=106&s=0501&q=1	D:\Antigravity\test\護理師高考歷屆試題\104年_第二次\1_基礎醫學_答案.pdf
https://wwwq.moex.gov.tw/exam/wHandExamQandA_File.ashx?t=Q&code=104100&c=106&s=0502&q=1	D:\Antigravity\test\護理師高考歷屆試題\104年_第二次\2_基本護理學與護理行政_試題.pdf
https://wwwq.moex.gov.tw/exam/wHandExamQandA_File.ashx?t=S&code=104100&c=106&s=0502&q=1	D:\Antigravity\test\護理師高考歷屆試題\104年_第二次\2_基本護理學與護理行政_答案.pdf
https://wwwq.moex.gov.tw/exam/wHandExamQandA_File.ashx?t=Q&code=104100&c=106&s=0503&q=1	D:\Antigravity\test\護理師高考歷屆試題\104年_第二次\3_內外科護理學_試題.pdf
https://wwwq.moex.gov.tw/exam/wHandExamQandA_File.ashx?t=S&code=104100&c=106&s=0503&q=1	D:\Antigravity\test\護理師高考歷屆試題\104年_第二次\3_內外科護理學_答案.pdf
https://wwwq.moex.gov.tw/exam/wHandExamQandA_File.ashx?t=Q&code=104100&c=106&s=0504&q=1	D:\Antigravity\test\護理師高考歷屆試題\104年_第二次\4_產兒科護理學_試題.pdf
https://wwwq.moex.gov.tw/exam/wHandExamQandA_File.ashx?t=S&code=104100&c=106&s=0504&q=1	D:\Antigravity\test\護理師高考歷屆試題\104年_第二次\4_產兒科護理學_答案.pdf
https://wwwq.moex.gov.tw/exam/wHandExamQandA_File.ashx?t=Q&code=104100&c=106&s=0505&q=1	D:\Antigravity\test\護理師高考歷屆試題\104年_第二次\5_精神科與社區衛生護理學_試題.pdf
https://wwwq.moex.gov.tw/exam/wHandExamQandA_File.ashx?t=S&code=104100&c=106&s=0505&q=1	D:\Antigravity\test\護理師高考歷屆試題\104年_第二次\5_精神科與社區衛生護理學_答案.pdf
https://wwwq.moex.gov.tw/exam/wHandExamQandA_File.ashx?t=M&code=104100&c=106&s=0505&q=1	D:\Antigravity\test\護理師高考歷屆試題\104年_第二次\5_精神科與社區衛生護理學_更正答案.pdf
https://wwwq.moex.gov.tw/exam/wHandExamQandA_File.ashx?t=Q&code=105030&c=106&s=0501&q=1	D:\Antigravity\test\護理師高考歷屆試題\105年_第一次\1_基礎醫學_試題.pdf
https://wwwq.moex.gov.tw/exam/wHandExamQandA_File.ashx?t=S&code=105030&c=106&s=0501&q=1	D:\Antigravity\test\護理師高考歷屆試題\105年_第一次\1_基礎醫學_答案.pdf
https://wwwq.moex.gov.tw/exam/wHandExamQandA_File.ashx?t=M&code=105030&c=106&s=0501&q=1	D:\Antigravity\test\護理師高考歷屆試題\105年_第一次\1_基礎醫學_更正答案.pdf
https://wwwq.moex.gov.tw/exam/wHandExamQandA_File.ashx?t=Q&code=105030&c=106&s=0502&q=1	D:\Antigravity\test\護理師高考歷屆試題\105年_第一次\2_基本護理學與護理行政_試題.pdf
https://wwwq.moex.gov.tw/exam/wHandExamQandA_File.ashx?t=S&code=105030&c=106&s=0502&q=1	D:\Antigravity\test\護理師高考歷屆試題\105年_第一次\2_基本護理學與護理行政_答案.pdf
https://wwwq.moex.gov.tw/exam/wHandExamQandA_File.ashx?t=Q&code=105030&c=106&s=0503&q=1	D:\Antigravity\test\護理師高考歷屆試題\105年_第一次\3_內外科護理學_試題.pdf
https://wwwq.moex.gov.tw/exam/wHandExamQandA_File.ashx?t=S&code=105030&c=106&s=0503&q=1	D:\Antigravity\test\護理師高考歷屆試題\105年_第一次\3_內外科護理學_答案.pdf
https://wwwq.moex.gov.tw/exam/wHandExamQandA_File.ashx?t=M&code=105030&c=106&s=0503&q=1	D:\Antigravity\test\護理師高考歷屆試題\105年_第一次\3_內外科護理學_更正答案.pdf
https://wwwq.moex.gov.tw/exam/wHandExamQandA_File.ashx?t=Q&code=105030&c=106&s=0504&q=1	D:\Antigravity\test\護理師高考歷屆試題\105年_第一次\4_產兒科護理學_試題.pdf
https://wwwq.moex.gov.tw/exam/wHandExamQandA_File.ashx?t=S&code=105030&c=106&s=0504&q=1	D:\Antigravity\test\護理師高考歷屆試題\105年_第一次\4_產兒科護理學_答案.pdf
https://wwwq.moex.gov.tw/exam/wHandExamQandA_File.ashx?t=Q&code=105030&c=106&s=0505&q=1	D:\Antigravity\test\護理師高考歷屆試題\105年_第一次\5_精神科與社區衛生護理學_試題.pdf
https://wwwq.moex.gov.tw/exam/wHandExamQandA_File.ashx?t=S&code=105030&c=106&s=0505&q=1	D:\Antigravity\test\護理師高考歷屆試題\105年_第一次\5_精神科與社區衛生護理學_答案.pdf
https://wwwq.moex.gov.tw/exam/wHandExamQandA_File.ashx?t=M&code=105030&c=106&s=0505&q=1	D:\Antigravity\test\護理師高考歷屆試題\105年_第一次\5_精神科與社區衛生護理學_更正答案.pdf
https://wwwq.moex.gov.tw/exam/wHandExamQandA_File.ashx?t=Q&code=105090&c=106&s=0501&q=1	D:\Antigravity\test\護理師高考歷屆試題\105年_第二次\1_基礎醫學_試題.pdf
https://wwwq.moex.gov.tw/exam/wHandExamQandA_File.ashx?t=S&code=105090&c=106&s=0501&q=1	D:\Antigravity\test\護理師高考歷屆試題\105年_第二次\1_基礎醫學_答案.pdf
https://wwwq.moex.gov.tw/exam/wHandExamQandA_File.ashx?t=Q&code=105090&c=106&s=0502&q=1	D:\Antigravity\test\護理師高考歷屆試題\105年_第二次\2_基本護理學與護理行政_試題.pdf
https://wwwq.moex.gov.tw/exam/wHandExamQandA_File.ashx?t=S&code=105090&c=106&s=0502&q=1	D:\Antigravity\test\護理師高考歷屆試題\105年_第二次\2_基本護理學與護理行政_答案.pdf
https://wwwq.moex.gov.tw/exam/wHandExamQandA_File.ashx?t=Q&code=105090&c=106&s=0503&q=1	D:\Antigravity\test\護理師高考歷屆試題\105年_第二次\3_內外科護理學_試題.pdf
https://wwwq.moex.gov.tw/exam/wHandExamQandA_File.ashx?t=S&code=105090&c=106&s=0503&q=1	D:\Antigravity\test\護理師高考歷屆試題\105年_第二次\3_內外科護理學_答案.pdf
https://wwwq.moex.gov.tw/exam/wHandExamQandA_File.ashx?t=Q&code=105090&c=106&s=0504&q=1	D:\Antigravity\test\護理師高考歷屆試題\105年_第二次\4_產兒科護理學_試題.pdf
https://wwwq.moex.gov.tw/exam/wHandExamQandA_File.ashx?t=S&code=105090&c=106&s=0504&q=1	D:\Antigravity\test\護理師高考歷屆試題\105年_第二次\4_產兒科護理學_答案.pdf
https://wwwq.moex.gov.tw/exam/wHandExamQandA_File.ashx?t=Q&code=105090&c=106&s=0505&q=1	D:\Antigravity\test\護理師高考歷屆試題\105年_第二次\5_精神科與社區衛生護理學_試題.pdf
https://wwwq.moex.gov.tw/exam/wHandExamQandA_File.ashx?t=S&code=105090&c=106&s=0505&q=1	D:\Antigravity\test\護理師高考歷屆試題\105年_第二次\5_精神科與社區衛生護理學_答案.pdf
https://wwwq.moex.gov.tw/exam/wHandExamQandA_File.ashx?t=M&code=105090&c=106&s=0505&q=1	D:\Antigravity\test\護理師高考歷屆試題\105年_第二次\5_精神科與社區衛生護理學_更正答案.pdf
https://wwwq.moex.gov.tw/exam/wHandExamQandA_File.ashx?t=Q&code=106030&c=106&s=0501&q=1	D:\Antigravity\test\護理師高考歷屆試題\106年_第一次\1_基礎醫學_試題.pdf
https://wwwq.moex.gov.tw/exam/wHandExamQandA_File.ashx?t=S&code=106030&c=106&s=0501&q=1	D:\Antigravity\test\護理師高考歷屆試題\106年_第一次\1_基礎醫學_答案.pdf
https://wwwq.moex.gov.tw/exam/wHandExamQandA_File.ashx?t=M&code=106030&c=106&s=0501&q=1	D:\Antigravity\test\護理師高考歷屆試題\106年_第一次\1_基礎醫學_更正答案.pdf
https://wwwq.moex.gov.tw/exam/wHandExamQandA_File.ashx?t=Q&code=106030&c=106&s=0502&q=1	D:\Antigravity\test\護理師高考歷屆試題\106年_第一次\2_基本護理學與護理行政_試題.pdf
https://wwwq.moex.gov.tw/exam/wHandExamQandA_File.ashx?t=S&code=106030&c=106&s=0502&q=1	D:\Antigravity\test\護理師高考歷屆試題\106年_第一次\2_基本護理學與護理行政_答案.pdf
https://wwwq.moex.gov.tw/exam/wHandExamQandA_File.ashx?t=Q&code=106030&c=106&s=0503&q=1	D:\Antigravity\test\護理師高考歷屆試題\106年_第一次\3_內外科護理學_試題.pdf
https://wwwq.moex.gov.tw/exam/wHandExamQandA_File.ashx?t=S&code=106030&c=106&s=0503&q=1	D:\Antigravity\test\護理師高考歷屆試題\106年_第一次\3_內外科護理學_答案.pdf
https://wwwq.moex.gov.tw/exam/wHandExamQandA_File.ashx?t=M&code=106030&c=106&s=0503&q=1	D:\Antigravity\test\護理師高考歷屆試題\106年_第一次\3_內外科護理學_更正答案.pdf
https://wwwq.moex.gov.tw/exam/wHandExamQandA_File.ashx?t=Q&code=106030&c=106&s=0504&q=1	D:\Antigravity\test\護理師高考歷屆試題\106年_第一次\4_產兒科護理學_試題.pdf
https://wwwq.moex.gov.tw/exam/wHandExamQandA_File.ashx?t=S&code=106030&c=106&s=0504&q=1	D:\Antigravity\test\護理師高考歷屆試題\106年_第一次\4_產兒科護理學_答案.pdf
https://wwwq.moex.gov.tw/exam/wHandExamQandA_File.ashx?t=Q&code=106030&c=106&s=0505&q=1	D:\Antigravity\test\護理師高考歷屆試題\106年_第一次\5_精神科與社區衛生護理學_試題.pdf
https://wwwq.moex.gov.tw/exam/wHandExamQandA_File.ashx?t=S&code=106030&c=106&s=0505&q=1	D:\Antigravity\test\護理師高考歷屆試題\106年_第一次\5_精神科與社區衛生護理學_答案.pdf
https://wwwq.moex.gov.tw/exam/wHandExamQandA_File.ashx?t=Q&code=106110&c=106&s=0501&q=1	D:\Antigravity\test\護理師高考歷屆試題\106年_第二次（106110）\1_基礎醫學_試題.pdf
https://wwwq.moex.gov.tw/exam/wHandExamQandA_File.ashx?t=S&code=106110&c=106&s=0501&q=1	D:\Antigravity\test\護理師高考歷屆試題\106年_第二次（106110）\1_基礎醫學_答案.pdf
https://wwwq.moex.gov.tw/exam/wHandExamQandA_File.ashx?t=Q&code=106110&c=106&s=0502&q=1	D:\Antigravity\test\護理師高考歷屆試題\106年_第二次（106110）\2_基本護理學與護理行政_試題.pdf
https://wwwq.moex.gov.tw/exam/wHandExamQandA_File.ashx?t=S&code=106110&c=106&s=0502&q=1	D:\Antigravity\test\護理師高考歷屆試題\106年_第二次（106110）\2_基本護理學與護理行政_答案.pdf
https://wwwq.moex.gov.tw/exam/wHandExamQandA_File.ashx?t=Q&code=106110&c=106&s=0503&q=1	D:\Antigravity\test\護理師高考歷屆試題\106年_第二次（106110）\3_內外科護理學_試題.pdf
https://wwwq.moex.gov.tw/exam/wHandExamQandA_File.ashx?t=S&code=106110&c=106&s=0503&q=1	D:\Antigravity\test\護理師高考歷屆試題\106年_第二次（106110）\3_內外科護理學_答案.pdf
https://wwwq.moex.gov.tw/exam/wHandExamQandA_File.ashx?t=M&code=106110&c=106&s=0503&q=1	D:\Antigravity\test\護理師高考歷屆試題\106年_第二次（106110）\3_內外科護理學_更正答案.pdf
https://wwwq.moex.gov.tw/exam/wHandExamQandA_File.ashx?t=Q&code=106110&c=106&s=0504&q=1	D:\Antigravity\test\護理師高考歷屆試題\106年_第二次（106110）\4_產兒科護理學_試題.pdf
https://wwwq.moex.gov.tw/exam/wHandExamQandA_File.ashx?t=S&code=106110&c=106&s=0504&q=1	D:\Antigravity\test\護理師高考歷屆試題\106年_第二次（106110）\4_產兒科護理學_答案.pdf
https://wwwq.moex.gov.tw/exam/wHandExamQandA_File.ashx?t=M&code=106110&c=106&s=0504&q=1	D:\Antigravity\test\護理師高考歷屆試題\106年_第二次（106110）\4_產兒科護理學_更正答案.pdf
https://wwwq.moex.gov.tw/exam/wHandExamQandA_File.ashx?t=Q&code=106110&c=106&s=0505&q=1	D:\Antigravity\test\護理師高考歷屆試題\106年_第二次（106110）\5_精神科與社區衛生護理學_試題.pdf
https://wwwq.moex.gov.tw/exam/wHandExamQandA_File.ashx?t=S&code=106110&c=106&s=0505&q=1	D:\Antigravity\test\護理師高考歷屆試題\106年_第二次（106110）\5_精神科與社區衛生護理學_答案.pdf
https://wwwq.moex.gov.tw/exam/wHandExamQandA_File.ashx?t=M&code=106110&c=106&s=0505&q=1	D:\Antigravity\test\護理師高考歷屆試題\106年_第二次（106110）\5_精神科與社區衛生護理學_更正答案.pdf
https://wwwq.moex.gov.tw/exam/wHandExamQandA_File.ashx?t=Q&code=106111&c=106&s=0501&q=1	D:\Antigravity\test\護理師高考歷屆試題\106年_第二次（106111）\1_基礎醫學_試題.pdf
https://wwwq.moex.gov.tw/exam/wHandExamQandA_File.ashx?t=S&code=106111&c=106&s=0501&q=1	D:\Antigravity\test\護理師高考歷屆試題\106年_第二次（106111）\1_基礎醫學_答案.pdf
https://wwwq.moex.gov.tw/exam/wHandExamQandA_File.ashx?t=Q&code=106111&c=106&s=0502&q=1	D:\Antigravity\test\護理師高考歷屆試題\106年_第二次（106111）\2_基本護理學與護理行政_試題.pdf
https://wwwq.moex.gov.tw/exam/wHandExamQandA_File.ashx?t=S&code=106111&c=106&s=0502&q=1	D:\Antigravity\test\護理師高考歷屆試題\106年_第二次（106111）\2_基本護理學與護理行政_答案.pdf
https://wwwq.moex.gov.tw/exam/wHandExamQandA_File.ashx?t=M&code=106111&c=106&s=0502&q=1	D:\Antigravity\test\護理師高考歷屆試題\106年_第二次（106111）\2_基本護理學與護理行政_更正答案.pdf
https://wwwq.moex.gov.tw/exam/wHandExamQandA_File.ashx?t=Q&code=106111&c=106&s=0503&q=1	D:\Antigravity\test\護理師高考歷屆試題\106年_第二次（106111）\3_內外科護理學_試題.pdf
https://wwwq.moex.gov.tw/exam/wHandExamQandA_File.ashx?t=S&code=106111&c=106&s=0503&q=1	D:\Antigravity\test\護理師高考歷屆試題\106年_第二次（106111）\3_內外科護理學_答案.pdf
https://wwwq.moex.gov.tw/exam/wHandExamQandA_File.ashx?t=Q&code=106111&c=106&s=0504&q=1	D:\Antigravity\test\護理師高考歷屆試題\106年_第二次（106111）\4_產兒科護理學_試題.pdf
https://wwwq.moex.gov.tw/exam/wHandExamQandA_File.ashx?t=S&code=106111&c=106&s=0504&q=1	D:\Antigravity\test\護理師高考歷屆試題\106年_第二次（106111）\4_產兒科護理學_答案.pdf
https://wwwq.moex.gov.tw/exam/wHandExamQandA_File.ashx?t=M&code=106111&c=106&s=0504&q=1	D:\Antigravity\test\護理師高考歷屆試題\106年_第二次（106111）\4_產兒科護理學_更正答案.pdf
https://wwwq.moex.gov.tw/exam/wHandExamQandA_File.ashx?t=Q&code=106111&c=106&s=0505&q=1	D:\Antigravity\test\護理師高考歷屆試題\106年_第二次（106111）\5_精神科與社區衛生護理學_試題.pdf
https://wwwq.moex.gov.tw/exam/wHandExamQandA_File.ashx?t=S&code=106111&c=106&s=0505&q=1	D:\Antigravity\test\護理師高考歷屆試題\106年_第二次（106111）\5_精神科與社區衛生護理學_答案.pdf
https://wwwq.moex.gov.tw/exam/wHandExamQandA_File.ashx?t=M&code=106111&c=106&s=0505&q=1	D:\Antigravity\test\護理師高考歷屆試題\106年_第二次（106111）\5_精神科與社區衛生護理學_更正答案.pdf
https://wwwq.moex.gov.tw/exam/wHandExamQandA_File.ashx?t=Q&code=107030&c=106&s=0501&q=1	D:\Antigravity\test\護理師高考歷屆試題\107年_第一次\1_基礎醫學_試題.pdf
https://wwwq.moex.gov.tw/exam/wHandExamQandA_File.ashx?t=S&code=107030&c=106&s=0501&q=1	D:\Antigravity\test\護理師高考歷屆試題\107年_第一次\1_基礎醫學_答案.pdf
https://wwwq.moex.gov.tw/exam/wHandExamQandA_File.ashx?t=M&code=107030&c=106&s=0501&q=1	D:\Antigravity\test\護理師高考歷屆試題\107年_第一次\1_基礎醫學_更正答案.pdf
https://wwwq.moex.gov.tw/exam/wHandExamQandA_File.ashx?t=Q&code=107030&c=106&s=0502&q=1	D:\Antigravity\test\護理師高考歷屆試題\107年_第一次\2_基本護理學與護理行政_試題.pdf
https://wwwq.moex.gov.tw/exam/wHandExamQandA_File.ashx?t=S&code=107030&c=106&s=0502&q=1	D:\Antigravity\test\護理師高考歷屆試題\107年_第一次\2_基本護理學與護理行政_答案.pdf
https://wwwq.moex.gov.tw/exam/wHandExamQandA_File.ashx?t=Q&code=107030&c=106&s=0503&q=1	D:\Antigravity\test\護理師高考歷屆試題\107年_第一次\3_內外科護理學_試題.pdf
https://wwwq.moex.gov.tw/exam/wHandExamQandA_File.ashx?t=S&code=107030&c=106&s=0503&q=1	D:\Antigravity\test\護理師高考歷屆試題\107年_第一次\3_內外科護理學_答案.pdf
https://wwwq.moex.gov.tw/exam/wHandExamQandA_File.ashx?t=M&code=107030&c=106&s=0503&q=1	D:\Antigravity\test\護理師高考歷屆試題\107年_第一次\3_內外科護理學_更正答案.pdf
https://wwwq.moex.gov.tw/exam/wHandExamQandA_File.ashx?t=Q&code=107030&c=106&s=0504&q=1	D:\Antigravity\test\護理師高考歷屆試題\107年_第一次\4_產兒科護理學_試題.pdf
https://wwwq.moex.gov.tw/exam/wHandExamQandA_File.ashx?t=S&code=107030&c=106&s=0504&q=1	D:\Antigravity\test\護理師高考歷屆試題\107年_第一次\4_產兒科護理學_答案.pdf
https://wwwq.moex.gov.tw/exam/wHandExamQandA_File.ashx?t=M&code=107030&c=106&s=0504&q=1	D:\Antigravity\test\護理師高考歷屆試題\107年_第一次\4_產兒科護理學_更正答案.pdf
https://wwwq.moex.gov.tw/exam/wHandExamQandA_File.ashx?t=Q&code=107030&c=106&s=0505&q=1	D:\Antigravity\test\護理師高考歷屆試題\107年_第一次\5_精神科與社區衛生護理學_試題.pdf
https://wwwq.moex.gov.tw/exam/wHandExamQandA_File.ashx?t=S&code=107030&c=106&s=0505&q=1	D:\Antigravity\test\護理師高考歷屆試題\107年_第一次\5_精神科與社區衛生護理學_答案.pdf
https://wwwq.moex.gov.tw/exam/wHandExamQandA_File.ashx?t=Q&code=107110&c=106&s=0501&q=1	D:\Antigravity\test\護理師高考歷屆試題\107年_第二次\1_基礎醫學_試題.pdf
https://wwwq.moex.gov.tw/exam/wHandExamQandA_File.ashx?t=S&code=107110&c=106&s=0501&q=1	D:\Antigravity\test\護理師高考歷屆試題\107年_第二次\1_基礎醫學_答案.pdf
https://wwwq.moex.gov.tw/exam/wHandExamQandA_File.ashx?t=M&code=107110&c=106&s=0501&q=1	D:\Antigravity\test\護理師高考歷屆試題\107年_第二次\1_基礎醫學_更正答案.pdf
https://wwwq.moex.gov.tw/exam/wHandExamQandA_File.ashx?t=Q&code=107110&c=106&s=0502&q=1	D:\Antigravity\test\護理師高考歷屆試題\107年_第二次\2_基本護理學與護理行政_試題.pdf
https://wwwq.moex.gov.tw/exam/wHandExamQandA_File.ashx?t=S&code=107110&c=106&s=0502&q=1	D:\Antigravity\test\護理師高考歷屆試題\107年_第二次\2_基本護理學與護理行政_答案.pdf
https://wwwq.moex.gov.tw/exam/wHandExamQandA_File.ashx?t=M&code=107110&c=106&s=0502&q=1	D:\Antigravity\test\護理師高考歷屆試題\107年_第二次\2_基本護理學與護理行政_更正答案.pdf
https://wwwq.moex.gov.tw/exam/wHandExamQandA_File.ashx?t=Q&code=107110&c=106&s=0503&q=1	D:\Antigravity\test\護理師高考歷屆試題\107年_第二次\3_內外科護理學_試題.pdf
https://wwwq.moex.gov.tw/exam/wHandExamQandA_File.ashx?t=S&code=107110&c=106&s=0503&q=1	D:\Antigravity\test\護理師高考歷屆試題\107年_第二次\3_內外科護理學_答案.pdf
https://wwwq.moex.gov.tw/exam/wHandExamQandA_File.ashx?t=M&code=107110&c=106&s=0503&q=1	D:\Antigravity\test\護理師高考歷屆試題\107年_第二次\3_內外科護理學_更正答案.pdf
https://wwwq.moex.gov.tw/exam/wHandExamQandA_File.ashx?t=Q&code=107110&c=106&s=0504&q=1	D:\Antigravity\test\護理師高考歷屆試題\107年_第二次\4_產兒科護理學_試題.pdf
https://wwwq.moex.gov.tw/exam/wHandExamQandA_File.ashx?t=S&code=107110&c=106&s=0504&q=1	D:\Antigravity\test\護理師高考歷屆試題\107年_第二次\4_產兒科護理學_答案.pdf
https://wwwq.moex.gov.tw/exam/wHandExamQandA_File.ashx?t=Q&code=107110&c=106&s=0505&q=1	D:\Antigravity\test\護理師高考歷屆試題\107年_第二次\5_精神科與社區衛生護理學_試題.pdf
https://wwwq.moex.gov.tw/exam/wHandExamQandA_File.ashx?t=S&code=107110&c=106&s=0505&q=1	D:\Antigravity\test\護理師高考歷屆試題\107年_第二次\5_精神科與社區衛生護理學_答案.pdf
https://wwwq.moex.gov.tw/exam/wHandExamQandA_File.ashx?t=M&code=107110&c=106&s=0505&q=1	D:\Antigravity\test\護理師高考歷屆試題\107年_第二次\5_精神科與社區衛生護理學_更正答案.pdf
https://wwwq.moex.gov.tw/exam/wHandExamQandA_File.ashx?t=Q&code=108020&c=106&s=0501&q=1	D:\Antigravity\test\護理師高考歷屆試題\108年_第一次\1_基礎醫學_試題.pdf
https://wwwq.moex.gov.tw/exam/wHandExamQandA_File.ashx?t=S&code=108020&c=106&s=0501&q=1	D:\Antigravity\test\護理師高考歷屆試題\108年_第一次\1_基礎醫學_答案.pdf
https://wwwq.moex.gov.tw/exam/wHandExamQandA_File.ashx?t=Q&code=108020&c=106&s=0502&q=1	D:\Antigravity\test\護理師高考歷屆試題\108年_第一次\2_基本護理學與護理行政_試題.pdf
https://wwwq.moex.gov.tw/exam/wHandExamQandA_File.ashx?t=S&code=108020&c=106&s=0502&q=1	D:\Antigravity\test\護理師高考歷屆試題\108年_第一次\2_基本護理學與護理行政_答案.pdf
https://wwwq.moex.gov.tw/exam/wHandExamQandA_File.ashx?t=Q&code=108020&c=106&s=0503&q=1	D:\Antigravity\test\護理師高考歷屆試題\108年_第一次\3_內外科護理學_試題.pdf
https://wwwq.moex.gov.tw/exam/wHandExamQandA_File.ashx?t=S&code=108020&c=106&s=0503&q=1	D:\Antigravity\test\護理師高考歷屆試題\108年_第一次\3_內外科護理學_答案.pdf
https://wwwq.moex.gov.tw/exam/wHandExamQandA_File.ashx?t=Q&code=108020&c=106&s=0504&q=1	D:\Antigravity\test\護理師高考歷屆試題\108年_第一次\4_產兒科護理學_試題.pdf
https://wwwq.moex.gov.tw/exam/wHandExamQandA_File.ashx?t=S&code=108020&c=106&s=0504&q=1	D:\Antigravity\test\護理師高考歷屆試題\108年_第一次\4_產兒科護理學_答案.pdf
https://wwwq.moex.gov.tw/exam/wHandExamQandA_File.ashx?t=Q&code=108020&c=106&s=0505&q=1	D:\Antigravity\test\護理師高考歷屆試題\108年_第一次\5_精神科與社區衛生護理學_試題.pdf
https://wwwq.moex.gov.tw/exam/wHandExamQandA_File.ashx?t=S&code=108020&c=106&s=0505&q=1	D:\Antigravity\test\護理師高考歷屆試題\108年_第一次\5_精神科與社區衛生護理學_答案.pdf
https://wwwq.moex.gov.tw/exam/wHandExamQandA_File.ashx?t=Q&code=108110&c=106&s=0501&q=1	D:\Antigravity\test\護理師高考歷屆試題\108年_第二次\1_基礎醫學_試題.pdf
https://wwwq.moex.gov.tw/exam/wHandExamQandA_File.ashx?t=S&code=108110&c=106&s=0501&q=1	D:\Antigravity\test\護理師高考歷屆試題\108年_第二次\1_基礎醫學_答案.pdf
https://wwwq.moex.gov.tw/exam/wHandExamQandA_File.ashx?t=M&code=108110&c=106&s=0501&q=1	D:\Antigravity\test\護理師高考歷屆試題\108年_第二次\1_基礎醫學_更正答案.pdf
https://wwwq.moex.gov.tw/exam/wHandExamQandA_File.ashx?t=Q&code=108110&c=106&s=0502&q=1	D:\Antigravity\test\護理師高考歷屆試題\108年_第二次\2_基本護理學與護理行政_試題.pdf
https://wwwq.moex.gov.tw/exam/wHandExamQandA_File.ashx?t=S&code=108110&c=106&s=0502&q=1	D:\Antigravity\test\護理師高考歷屆試題\108年_第二次\2_基本護理學與護理行政_答案.pdf
https://wwwq.moex.gov.tw/exam/wHandExamQandA_File.ashx?t=Q&code=108110&c=106&s=0503&q=1	D:\Antigravity\test\護理師高考歷屆試題\108年_第二次\3_內外科護理學_試題.pdf
https://wwwq.moex.gov.tw/exam/wHandExamQandA_File.ashx?t=S&code=108110&c=106&s=0503&q=1	D:\Antigravity\test\護理師高考歷屆試題\108年_第二次\3_內外科護理學_答案.pdf
https://wwwq.moex.gov.tw/exam/wHandExamQandA_File.ashx?t=Q&code=108110&c=106&s=0504&q=1	D:\Antigravity\test\護理師高考歷屆試題\108年_第二次\4_產兒科護理學_試題.pdf
https://wwwq.moex.gov.tw/exam/wHandExamQandA_File.ashx?t=S&code=108110&c=106&s=0504&q=1	D:\Antigravity\test\護理師高考歷屆試題\108年_第二次\4_產兒科護理學_答案.pdf
https://wwwq.moex.gov.tw/exam/wHandExamQandA_File.ashx?t=Q&code=108110&c=106&s=0505&q=1	D:\Antigravity\test\護理師高考歷屆試題\108年_第二次\5_精神科與社區衛生護理學_試題.pdf
https://wwwq.moex.gov.tw/exam/wHandExamQandA_File.ashx?t=S&code=108110&c=106&s=0505&q=1	D:\Antigravity\test\護理師高考歷屆試題\108年_第二次\5_精神科與社區衛生護理學_答案.pdf
https://wwwq.moex.gov.tw/exam/wHandExamQandA_File.ashx?t=M&code=108110&c=106&s=0505&q=1	D:\Antigravity\test\護理師高考歷屆試題\108年_第二次\5_精神科與社區衛生護理學_更正答案.pdf
https://wwwq.moex.gov.tw/exam/wHandExamQandA_File.ashx?t=Q&code=109030&c=106&s=0501&q=1	D:\Antigravity\test\護理師高考歷屆試題\109年_第一次\1_基礎醫學_試題.pdf
https://wwwq.moex.gov.tw/exam/wHandExamQandA_File.ashx?t=S&code=109030&c=106&s=0501&q=1	D:\Antigravity\test\護理師高考歷屆試題\109年_第一次\1_基礎醫學_答案.pdf
https://wwwq.moex.gov.tw/exam/wHandExamQandA_File.ashx?t=Q&code=109030&c=106&s=0502&q=1	D:\Antigravity\test\護理師高考歷屆試題\109年_第一次\2_基本護理學與護理行政_試題.pdf
https://wwwq.moex.gov.tw/exam/wHandExamQandA_File.ashx?t=S&code=109030&c=106&s=0502&q=1	D:\Antigravity\test\護理師高考歷屆試題\109年_第一次\2_基本護理學與護理行政_答案.pdf
https://wwwq.moex.gov.tw/exam/wHandExamQandA_File.ashx?t=M&code=109030&c=106&s=0502&q=1	D:\Antigravity\test\護理師高考歷屆試題\109年_第一次\2_基本護理學與護理行政_更正答案.pdf
https://wwwq.moex.gov.tw/exam/wHandExamQandA_File.ashx?t=Q&code=109030&c=106&s=0503&q=1	D:\Antigravity\test\護理師高考歷屆試題\109年_第一次\3_內外科護理學_試題.pdf
https://wwwq.moex.gov.tw/exam/wHandExamQandA_File.ashx?t=S&code=109030&c=106&s=0503&q=1	D:\Antigravity\test\護理師高考歷屆試題\109年_第一次\3_內外科護理學_答案.pdf
https://wwwq.moex.gov.tw/exam/wHandExamQandA_File.ashx?t=Q&code=109030&c=106&s=0504&q=1	D:\Antigravity\test\護理師高考歷屆試題\109年_第一次\4_產兒科護理學_試題.pdf
https://wwwq.moex.gov.tw/exam/wHandExamQandA_File.ashx?t=S&code=109030&c=106&s=0504&q=1	D:\Antigravity\test\護理師高考歷屆試題\109年_第一次\4_產兒科護理學_答案.pdf
https://wwwq.moex.gov.tw/exam/wHandExamQandA_File.ashx?t=Q&code=109030&c=106&s=0505&q=1	D:\Antigravity\test\護理師高考歷屆試題\109年_第一次\5_精神科與社區衛生護理學_試題.pdf
https://wwwq.moex.gov.tw/exam/wHandExamQandA_File.ashx?t=S&code=109030&c=106&s=0505&q=1	D:\Antigravity\test\護理師高考歷屆試題\109年_第一次\5_精神科與社區衛生護理學_答案.pdf
https://wwwq.moex.gov.tw/exam/wHandExamQandA_File.ashx?t=Q&code=109110&c=106&s=0501&q=1	D:\Antigravity\test\護理師高考歷屆試題\109年_第二次\1_基礎醫學_試題.pdf
https://wwwq.moex.gov.tw/exam/wHandExamQandA_File.ashx?t=S&code=109110&c=106&s=0501&q=1	D:\Antigravity\test\護理師高考歷屆試題\109年_第二次\1_基礎醫學_答案.pdf
https://wwwq.moex.gov.tw/exam/wHandExamQandA_File.ashx?t=Q&code=109110&c=106&s=0502&q=1	D:\Antigravity\test\護理師高考歷屆試題\109年_第二次\2_基本護理學與護理行政_試題.pdf
https://wwwq.moex.gov.tw/exam/wHandExamQandA_File.ashx?t=S&code=109110&c=106&s=0502&q=1	D:\Antigravity\test\護理師高考歷屆試題\109年_第二次\2_基本護理學與護理行政_答案.pdf
https://wwwq.moex.gov.tw/exam/wHandExamQandA_File.ashx?t=Q&code=109110&c=106&s=0503&q=1	D:\Antigravity\test\護理師高考歷屆試題\109年_第二次\3_內外科護理學_試題.pdf
https://wwwq.moex.gov.tw/exam/wHandExamQandA_File.ashx?t=S&code=109110&c=106&s=0503&q=1	D:\Antigravity\test\護理師高考歷屆試題\109年_第二次\3_內外科護理學_答案.pdf
https://wwwq.moex.gov.tw/exam/wHandExamQandA_File.ashx?t=M&code=109110&c=106&s=0503&q=1	D:\Antigravity\test\護理師高考歷屆試題\109年_第二次\3_內外科護理學_更正答案.pdf
https://wwwq.moex.gov.tw/exam/wHandExamQandA_File.ashx?t=Q&code=109110&c=106&s=0504&q=1	D:\Antigravity\test\護理師高考歷屆試題\109年_第二次\4_產兒科護理學_試題.pdf
https://wwwq.moex.gov.tw/exam/wHandExamQandA_File.ashx?t=S&code=109110&c=106&s=0504&q=1	D:\Antigravity\test\護理師高考歷屆試題\109年_第二次\4_產兒科護理學_答案.pdf
https://wwwq.moex.gov.tw/exam/wHandExamQandA_File.ashx?t=Q&code=109110&c=106&s=0505&q=1	D:\Antigravity\test\護理師高考歷屆試題\109年_第二次\5_精神科與社區衛生護理學_試題.pdf
https://wwwq.moex.gov.tw/exam/wHandExamQandA_File.ashx?t=S&code=109110&c=106&s=0505&q=1	D:\Antigravity\test\護理師高考歷屆試題\109年_第二次\5_精神科與社區衛生護理學_答案.pdf
https://wwwq.moex.gov.tw/exam/wHandExamQandA_File.ashx?t=M&code=109110&c=106&s=0505&q=1	D:\Antigravity\test\護理師高考歷屆試題\109年_第二次\5_精神科與社區衛生護理學_更正答案.pdf
https://wwwq.moex.gov.tw/exam/wHandExamQandA_File.ashx?t=Q&code=110030&c=104&s=0301&q=1	D:\Antigravity\test\護理師高考歷屆試題\110年_第一次\1_基礎醫學_試題.pdf
https://wwwq.moex.gov.tw/exam/wHandExamQandA_File.ashx?t=S&code=110030&c=104&s=0301&q=1	D:\Antigravity\test\護理師高考歷屆試題\110年_第一次\1_基礎醫學_答案.pdf
https://wwwq.moex.gov.tw/exam/wHandExamQandA_File.ashx?t=Q&code=110030&c=104&s=0302&q=1	D:\Antigravity\test\護理師高考歷屆試題\110年_第一次\2_基本護理學與護理行政_試題.pdf
https://wwwq.moex.gov.tw/exam/wHandExamQandA_File.ashx?t=S&code=110030&c=104&s=0302&q=1	D:\Antigravity\test\護理師高考歷屆試題\110年_第一次\2_基本護理學與護理行政_答案.pdf
https://wwwq.moex.gov.tw/exam/wHandExamQandA_File.ashx?t=M&code=110030&c=104&s=0302&q=1	D:\Antigravity\test\護理師高考歷屆試題\110年_第一次\2_基本護理學與護理行政_更正答案.pdf
https://wwwq.moex.gov.tw/exam/wHandExamQandA_File.ashx?t=Q&code=110030&c=104&s=0303&q=1	D:\Antigravity\test\護理師高考歷屆試題\110年_第一次\3_內外科護理學_試題.pdf
https://wwwq.moex.gov.tw/exam/wHandExamQandA_File.ashx?t=S&code=110030&c=104&s=0303&q=1	D:\Antigravity\test\護理師高考歷屆試題\110年_第一次\3_內外科護理學_答案.pdf
https://wwwq.moex.gov.tw/exam/wHandExamQandA_File.ashx?t=Q&code=110030&c=104&s=0304&q=1	D:\Antigravity\test\護理師高考歷屆試題\110年_第一次\4_產兒科護理學_試題.pdf
https://wwwq.moex.gov.tw/exam/wHandExamQandA_File.ashx?t=S&code=110030&c=104&s=0304&q=1	D:\Antigravity\test\護理師高考歷屆試題\110年_第一次\4_產兒科護理學_答案.pdf
https://wwwq.moex.gov.tw/exam/wHandExamQandA_File.ashx?t=Q&code=110030&c=104&s=0305&q=1	D:\Antigravity\test\護理師高考歷屆試題\110年_第一次\5_精神科與社區衛生護理學_試題.pdf
https://wwwq.moex.gov.tw/exam/wHandExamQandA_File.ashx?t=S&code=110030&c=104&s=0305&q=1	D:\Antigravity\test\護理師高考歷屆試題\110年_第一次\5_精神科與社區衛生護理學_答案.pdf
https://wwwq.moex.gov.tw/exam/wHandExamQandA_File.ashx?t=M&code=110030&c=104&s=0305&q=1	D:\Antigravity\test\護理師高考歷屆試題\110年_第一次\5_精神科與社區衛生護理學_更正答案.pdf
https://wwwq.moex.gov.tw/exam/wHandExamQandA_File.ashx?t=Q&code=110110&c=104&s=0301&q=1	D:\Antigravity\test\護理師高考歷屆試題\110年_第二次\1_基礎醫學_試題.pdf
https://wwwq.moex.gov.tw/exam/wHandExamQandA_File.ashx?t=S&code=110110&c=104&s=0301&q=1	D:\Antigravity\test\護理師高考歷屆試題\110年_第二次\1_基礎醫學_答案.pdf
https://wwwq.moex.gov.tw/exam/wHandExamQandA_File.ashx?t=Q&code=110110&c=104&s=0302&q=1	D:\Antigravity\test\護理師高考歷屆試題\110年_第二次\2_基本護理學與護理行政_試題.pdf
https://wwwq.moex.gov.tw/exam/wHandExamQandA_File.ashx?t=S&code=110110&c=104&s=0302&q=1	D:\Antigravity\test\護理師高考歷屆試題\110年_第二次\2_基本護理學與護理行政_答案.pdf
https://wwwq.moex.gov.tw/exam/wHandExamQandA_File.ashx?t=M&code=110110&c=104&s=0302&q=1	D:\Antigravity\test\護理師高考歷屆試題\110年_第二次\2_基本護理學與護理行政_更正答案.pdf
https://wwwq.moex.gov.tw/exam/wHandExamQandA_File.ashx?t=Q&code=110110&c=104&s=0303&q=1	D:\Antigravity\test\護理師高考歷屆試題\110年_第二次\3_內外科護理學_試題.pdf
https://wwwq.moex.gov.tw/exam/wHandExamQandA_File.ashx?t=S&code=110110&c=104&s=0303&q=1	D:\Antigravity\test\護理師高考歷屆試題\110年_第二次\3_內外科護理學_答案.pdf
https://wwwq.moex.gov.tw/exam/wHandExamQandA_File.ashx?t=Q&code=110110&c=104&s=0304&q=1	D:\Antigravity\test\護理師高考歷屆試題\110年_第二次\4_產兒科護理學_試題.pdf
https://wwwq.moex.gov.tw/exam/wHandExamQandA_File.ashx?t=S&code=110110&c=104&s=0304&q=1	D:\Antigravity\test\護理師高考歷屆試題\110年_第二次\4_產兒科護理學_答案.pdf
https://wwwq.moex.gov.tw/exam/wHandExamQandA_File.ashx?t=M&code=110110&c=104&s=0304&q=1	D:\Antigravity\test\護理師高考歷屆試題\110年_第二次\4_產兒科護理學_更正答案.pdf
https://wwwq.moex.gov.tw/exam/wHandExamQandA_File.ashx?t=Q&code=110110&c=104&s=0305&q=1	D:\Antigravity\test\護理師高考歷屆試題\110年_第二次\5_精神科與社區衛生護理學_試題.pdf
https://wwwq.moex.gov.tw/exam/wHandExamQandA_File.ashx?t=S&code=110110&c=104&s=0305&q=1	D:\Antigravity\test\護理師高考歷屆試題\110年_第二次\5_精神科與社區衛生護理學_答案.pdf
https://wwwq.moex.gov.tw/exam/wHandExamQandA_File.ashx?t=M&code=110110&c=104&s=0305&q=1	D:\Antigravity\test\護理師高考歷屆試題\110年_第二次\5_精神科與社區衛生護理學_更正答案.pdf
https://wwwq.moex.gov.tw/exam/wHandExamQandA_File.ashx?t=Q&code=111030&c=104&s=0301&q=1	D:\Antigravity\test\護理師高考歷屆試題\111年_第一次\1_基礎醫學_試題.pdf
https://wwwq.moex.gov.tw/exam/wHandExamQandA_File.ashx?t=S&code=111030&c=104&s=0301&q=1	D:\Antigravity\test\護理師高考歷屆試題\111年_第一次\1_基礎醫學_答案.pdf
https://wwwq.moex.gov.tw/exam/wHandExamQandA_File.ashx?t=Q&code=111030&c=104&s=0302&q=1	D:\Antigravity\test\護理師高考歷屆試題\111年_第一次\2_基本護理學與護理行政_試題.pdf
https://wwwq.moex.gov.tw/exam/wHandExamQandA_File.ashx?t=S&code=111030&c=104&s=0302&q=1	D:\Antigravity\test\護理師高考歷屆試題\111年_第一次\2_基本護理學與護理行政_答案.pdf
https://wwwq.moex.gov.tw/exam/wHandExamQandA_File.ashx?t=Q&code=111030&c=104&s=0303&q=1	D:\Antigravity\test\護理師高考歷屆試題\111年_第一次\3_內外科護理學_試題.pdf
https://wwwq.moex.gov.tw/exam/wHandExamQandA_File.ashx?t=S&code=111030&c=104&s=0303&q=1	D:\Antigravity\test\護理師高考歷屆試題\111年_第一次\3_內外科護理學_答案.pdf
https://wwwq.moex.gov.tw/exam/wHandExamQandA_File.ashx?t=M&code=111030&c=104&s=0303&q=1	D:\Antigravity\test\護理師高考歷屆試題\111年_第一次\3_內外科護理學_更正答案.pdf
https://wwwq.moex.gov.tw/exam/wHandExamQandA_File.ashx?t=Q&code=111030&c=104&s=0304&q=1	D:\Antigravity\test\護理師高考歷屆試題\111年_第一次\4_產兒科護理學_試題.pdf
https://wwwq.moex.gov.tw/exam/wHandExamQandA_File.ashx?t=S&code=111030&c=104&s=0304&q=1	D:\Antigravity\test\護理師高考歷屆試題\111年_第一次\4_產兒科護理學_答案.pdf
https://wwwq.moex.gov.tw/exam/wHandExamQandA_File.ashx?t=M&code=111030&c=104&s=0304&q=1	D:\Antigravity\test\護理師高考歷屆試題\111年_第一次\4_產兒科護理學_更正答案.pdf
https://wwwq.moex.gov.tw/exam/wHandExamQandA_File.ashx?t=Q&code=111030&c=104&s=0305&q=1	D:\Antigravity\test\護理師高考歷屆試題\111年_第一次\5_精神科與社區衛生護理學_試題.pdf
https://wwwq.moex.gov.tw/exam/wHandExamQandA_File.ashx?t=S&code=111030&c=104&s=0305&q=1	D:\Antigravity\test\護理師高考歷屆試題\111年_第一次\5_精神科與社區衛生護理學_答案.pdf
https://wwwq.moex.gov.tw/exam/wHandExamQandA_File.ashx?t=M&code=111030&c=104&s=0305&q=1	D:\Antigravity\test\護理師高考歷屆試題\111年_第一次\5_精神科與社區衛生護理學_更正答案.pdf
https://wwwq.moex.gov.tw/exam/wHandExamQandA_File.ashx?t=Q&code=111110&c=104&s=0301&q=1	D:\Antigravity\test\護理師高考歷屆試題\111年_第二次\1_基礎醫學_試題.pdf
https://wwwq.moex.gov.tw/exam/wHandExamQandA_File.ashx?t=S&code=111110&c=104&s=0301&q=1	D:\Antigravity\test\護理師高考歷屆試題\111年_第二次\1_基礎醫學_答案.pdf
https://wwwq.moex.gov.tw/exam/wHandExamQandA_File.ashx?t=M&code=111110&c=104&s=0301&q=1	D:\Antigravity\test\護理師高考歷屆試題\111年_第二次\1_基礎醫學_更正答案.pdf
https://wwwq.moex.gov.tw/exam/wHandExamQandA_File.ashx?t=Q&code=111110&c=104&s=0302&q=1	D:\Antigravity\test\護理師高考歷屆試題\111年_第二次\2_基本護理學與護理行政_試題.pdf
https://wwwq.moex.gov.tw/exam/wHandExamQandA_File.ashx?t=S&code=111110&c=104&s=0302&q=1	D:\Antigravity\test\護理師高考歷屆試題\111年_第二次\2_基本護理學與護理行政_答案.pdf
https://wwwq.moex.gov.tw/exam/wHandExamQandA_File.ashx?t=M&code=111110&c=104&s=0302&q=1	D:\Antigravity\test\護理師高考歷屆試題\111年_第二次\2_基本護理學與護理行政_更正答案.pdf
https://wwwq.moex.gov.tw/exam/wHandExamQandA_File.ashx?t=Q&code=111110&c=104&s=0303&q=1	D:\Antigravity\test\護理師高考歷屆試題\111年_第二次\3_內外科護理學_試題.pdf
https://wwwq.moex.gov.tw/exam/wHandExamQandA_File.ashx?t=S&code=111110&c=104&s=0303&q=1	D:\Antigravity\test\護理師高考歷屆試題\111年_第二次\3_內外科護理學_答案.pdf
https://wwwq.moex.gov.tw/exam/wHandExamQandA_File.ashx?t=Q&code=111110&c=104&s=0304&q=1	D:\Antigravity\test\護理師高考歷屆試題\111年_第二次\4_產兒科護理學_試題.pdf
https://wwwq.moex.gov.tw/exam/wHandExamQandA_File.ashx?t=S&code=111110&c=104&s=0304&q=1	D:\Antigravity\test\護理師高考歷屆試題\111年_第二次\4_產兒科護理學_答案.pdf
https://wwwq.moex.gov.tw/exam/wHandExamQandA_File.ashx?t=M&code=111110&c=104&s=0304&q=1	D:\Antigravity\test\護理師高考歷屆試題\111年_第二次\4_產兒科護理學_更正答案.pdf
https://wwwq.moex.gov.tw/exam/wHandExamQandA_File.ashx?t=Q&code=111110&c=104&s=0305&q=1	D:\Antigravity\test\護理師高考歷屆試題\111年_第二次\5_精神科與社區衛生護理學_試題.pdf
https://wwwq.moex.gov.tw/exam/wHandExamQandA_File.ashx?t=S&code=111110&c=104&s=0305&q=1	D:\Antigravity\test\護理師高考歷屆試題\111年_第二次\5_精神科與社區衛生護理學_答案.pdf
https://wwwq.moex.gov.tw/exam/wHandExamQandA_File.ashx?t=Q&code=112030&c=102&s=0201&q=1	D:\Antigravity\test\護理師高考歷屆試題\112年_第一次\1_基礎醫學_試題.pdf
https://wwwq.moex.gov.tw/exam/wHandExamQandA_File.ashx?t=S&code=112030&c=102&s=0201&q=1	D:\Antigravity\test\護理師高考歷屆試題\112年_第一次\1_基礎醫學_答案.pdf
https://wwwq.moex.gov.tw/exam/wHandExamQandA_File.ashx?t=Q&code=112030&c=102&s=0202&q=1	D:\Antigravity\test\護理師高考歷屆試題\112年_第一次\2_基本護理學與護理行政_試題.pdf
https://wwwq.moex.gov.tw/exam/wHandExamQandA_File.ashx?t=S&code=112030&c=102&s=0202&q=1	D:\Antigravity\test\護理師高考歷屆試題\112年_第一次\2_基本護理學與護理行政_答案.pdf
https://wwwq.moex.gov.tw/exam/wHandExamQandA_File.ashx?t=Q&code=112030&c=102&s=0203&q=1	D:\Antigravity\test\護理師高考歷屆試題\112年_第一次\3_內外科護理學_試題.pdf
https://wwwq.moex.gov.tw/exam/wHandExamQandA_File.ashx?t=S&code=112030&c=102&s=0203&q=1	D:\Antigravity\test\護理師高考歷屆試題\112年_第一次\3_內外科護理學_答案.pdf
https://wwwq.moex.gov.tw/exam/wHandExamQandA_File.ashx?t=Q&code=112030&c=102&s=0204&q=1	D:\Antigravity\test\護理師高考歷屆試題\112年_第一次\4_產兒科護理學_試題.pdf
https://wwwq.moex.gov.tw/exam/wHandExamQandA_File.ashx?t=S&code=112030&c=102&s=0204&q=1	D:\Antigravity\test\護理師高考歷屆試題\112年_第一次\4_產兒科護理學_答案.pdf
https://wwwq.moex.gov.tw/exam/wHandExamQandA_File.ashx?t=Q&code=112030&c=102&s=0205&q=1	D:\Antigravity\test\護理師高考歷屆試題\112年_第一次\5_精神科與社區衛生護理學_試題.pdf
https://wwwq.moex.gov.tw/exam/wHandExamQandA_File.ashx?t=S&code=112030&c=102&s=0205&q=1	D:\Antigravity\test\護理師高考歷屆試題\112年_第一次\5_精神科與社區衛生護理學_答案.pdf
https://wwwq.moex.gov.tw/exam/wHandExamQandA_File.ashx?t=M&code=112030&c=102&s=0205&q=1	D:\Antigravity\test\護理師高考歷屆試題\112年_第一次\5_精神科與社區衛生護理學_更正答案.pdf
https://wwwq.moex.gov.tw/exam/wHandExamQandA_File.ashx?t=Q&code=112110&c=102&s=0201&q=1	D:\Antigravity\test\護理師高考歷屆試題\112年_第二次\1_基礎醫學_試題.pdf
https://wwwq.moex.gov.tw/exam/wHandExamQandA_File.ashx?t=S&code=112110&c=102&s=0201&q=1	D:\Antigravity\test\護理師高考歷屆試題\112年_第二次\1_基礎醫學_答案.pdf
https://wwwq.moex.gov.tw/exam/wHandExamQandA_File.ashx?t=M&code=112110&c=102&s=0201&q=1	D:\Antigravity\test\護理師高考歷屆試題\112年_第二次\1_基礎醫學_更正答案.pdf
https://wwwq.moex.gov.tw/exam/wHandExamQandA_File.ashx?t=Q&code=112110&c=102&s=0202&q=1	D:\Antigravity\test\護理師高考歷屆試題\112年_第二次\2_基本護理學與護理行政_試題.pdf
https://wwwq.moex.gov.tw/exam/wHandExamQandA_File.ashx?t=S&code=112110&c=102&s=0202&q=1	D:\Antigravity\test\護理師高考歷屆試題\112年_第二次\2_基本護理學與護理行政_答案.pdf
https://wwwq.moex.gov.tw/exam/wHandExamQandA_File.ashx?t=Q&code=112110&c=102&s=0203&q=1	D:\Antigravity\test\護理師高考歷屆試題\112年_第二次\3_內外科護理學_試題.pdf
https://wwwq.moex.gov.tw/exam/wHandExamQandA_File.ashx?t=S&code=112110&c=102&s=0203&q=1	D:\Antigravity\test\護理師高考歷屆試題\112年_第二次\3_內外科護理學_答案.pdf
https://wwwq.moex.gov.tw/exam/wHandExamQandA_File.ashx?t=Q&code=112110&c=102&s=0204&q=1	D:\Antigravity\test\護理師高考歷屆試題\112年_第二次\4_產兒科護理學_試題.pdf
https://wwwq.moex.gov.tw/exam/wHandExamQandA_File.ashx?t=S&code=112110&c=102&s=0204&q=1	D:\Antigravity\test\護理師高考歷屆試題\112年_第二次\4_產兒科護理學_答案.pdf
https://wwwq.moex.gov.tw/exam/wHandExamQandA_File.ashx?t=Q&code=112110&c=102&s=0205&q=1	D:\Antigravity\test\護理師高考歷屆試題\112年_第二次\5_精神科與社區衛生護理學_試題.pdf
https://wwwq.moex.gov.tw/exam/wHandExamQandA_File.ashx?t=S&code=112110&c=102&s=0205&q=1	D:\Antigravity\test\護理師高考歷屆試題\112年_第二次\5_精神科與社區衛生護理學_答案.pdf
https://wwwq.moex.gov.tw/exam/wHandExamQandA_File.ashx?t=Q&code=112180&c=101&s=0101&q=1	D:\Antigravity\test\護理師高考歷屆試題\112年_第三次\1_基礎醫學_試題.pdf
https://wwwq.moex.gov.tw/exam/wHandExamQandA_File.ashx?t=S&code=112180&c=101&s=0101&q=1	D:\Antigravity\test\護理師高考歷屆試題\112年_第三次\1_基礎醫學_答案.pdf
https://wwwq.moex.gov.tw/exam/wHandExamQandA_File.ashx?t=Q&code=112180&c=101&s=0102&q=1	D:\Antigravity\test\護理師高考歷屆試題\112年_第三次\2_基本護理學與護理行政_試題.pdf
https://wwwq.moex.gov.tw/exam/wHandExamQandA_File.ashx?t=S&code=112180&c=101&s=0102&q=1	D:\Antigravity\test\護理師高考歷屆試題\112年_第三次\2_基本護理學與護理行政_答案.pdf
https://wwwq.moex.gov.tw/exam/wHandExamQandA_File.ashx?t=Q&code=112180&c=101&s=0103&q=1	D:\Antigravity\test\護理師高考歷屆試題\112年_第三次\3_內外科護理學_試題.pdf
https://wwwq.moex.gov.tw/exam/wHandExamQandA_File.ashx?t=S&code=112180&c=101&s=0103&q=1	D:\Antigravity\test\護理師高考歷屆試題\112年_第三次\3_內外科護理學_答案.pdf
https://wwwq.moex.gov.tw/exam/wHandExamQandA_File.ashx?t=M&code=112180&c=101&s=0103&q=1	D:\Antigravity\test\護理師高考歷屆試題\112年_第三次\3_內外科護理學_更正答案.pdf
https://wwwq.moex.gov.tw/exam/wHandExamQandA_File.ashx?t=Q&code=112180&c=101&s=0201&q=1	D:\Antigravity\test\護理師高考歷屆試題\112年_第三次\4_產兒科護理學_試題.pdf
https://wwwq.moex.gov.tw/exam/wHandExamQandA_File.ashx?t=S&code=112180&c=101&s=0201&q=1	D:\Antigravity\test\護理師高考歷屆試題\112年_第三次\4_產兒科護理學_答案.pdf
https://wwwq.moex.gov.tw/exam/wHandExamQandA_File.ashx?t=Q&code=112180&c=101&s=0202&q=1	D:\Antigravity\test\護理師高考歷屆試題\112年_第三次\5_精神科與社區衛生護理學_試題.pdf
https://wwwq.moex.gov.tw/exam/wHandExamQandA_File.ashx?t=S&code=112180&c=101&s=0202&q=1	D:\Antigravity\test\護理師高考歷屆試題\112年_第三次\5_精神科與社區衛生護理學_答案.pdf
https://wwwq.moex.gov.tw/exam/wHandExamQandA_File.ashx?t=Q&code=113030&c=101&s=11&q=1	D:\Antigravity\test\護理師高考歷屆試題\113年_第一次\1_基礎醫學_試題.pdf
https://wwwq.moex.gov.tw/exam/wHandExamQandA_File.ashx?t=S&code=113030&c=101&s=11&q=1	D:\Antigravity\test\護理師高考歷屆試題\113年_第一次\1_基礎醫學_答案.pdf
https://wwwq.moex.gov.tw/exam/wHandExamQandA_File.ashx?t=Q&code=113030&c=101&s=22&q=1	D:\Antigravity\test\護理師高考歷屆試題\113年_第一次\2_基本護理學與護理行政_試題.pdf
https://wwwq.moex.gov.tw/exam/wHandExamQandA_File.ashx?t=S&code=113030&c=101&s=22&q=1	D:\Antigravity\test\護理師高考歷屆試題\113年_第一次\2_基本護理學與護理行政_答案.pdf
https://wwwq.moex.gov.tw/exam/wHandExamQandA_File.ashx?t=Q&code=113030&c=101&s=33&q=1	D:\Antigravity\test\護理師高考歷屆試題\113年_第一次\3_內外科護理學_試題.pdf
https://wwwq.moex.gov.tw/exam/wHandExamQandA_File.ashx?t=S&code=113030&c=101&s=33&q=1	D:\Antigravity\test\護理師高考歷屆試題\113年_第一次\3_內外科護理學_答案.pdf
https://wwwq.moex.gov.tw/exam/wHandExamQandA_File.ashx?t=Q&code=113030&c=101&s=44&q=1	D:\Antigravity\test\護理師高考歷屆試題\113年_第一次\4_產兒科護理學_試題.pdf
https://wwwq.moex.gov.tw/exam/wHandExamQandA_File.ashx?t=S&code=113030&c=101&s=44&q=1	D:\Antigravity\test\護理師高考歷屆試題\113年_第一次\4_產兒科護理學_答案.pdf
https://wwwq.moex.gov.tw/exam/wHandExamQandA_File.ashx?t=M&code=113030&c=101&s=44&q=1	D:\Antigravity\test\護理師高考歷屆試題\113年_第一次\4_產兒科護理學_更正答案.pdf
https://wwwq.moex.gov.tw/exam/wHandExamQandA_File.ashx?t=Q&code=113030&c=101&s=55&q=1	D:\Antigravity\test\護理師高考歷屆試題\113年_第一次\5_精神科與社區衛生護理學_試題.pdf
https://wwwq.moex.gov.tw/exam/wHandExamQandA_File.ashx?t=S&code=113030&c=101&s=55&q=1	D:\Antigravity\test\護理師高考歷屆試題\113年_第一次\5_精神科與社區衛生護理學_答案.pdf
https://wwwq.moex.gov.tw/exam/wHandExamQandA_File.ashx?t=Q&code=113100&c=102&s=0201&q=1	D:\Antigravity\test\護理師高考歷屆試題\113年_第二次\1_基礎醫學_試題.pdf
https://wwwq.moex.gov.tw/exam/wHandExamQandA_File.ashx?t=S&code=113100&c=102&s=0201&q=1	D:\Antigravity\test\護理師高考歷屆試題\113年_第二次\1_基礎醫學_答案.pdf
https://wwwq.moex.gov.tw/exam/wHandExamQandA_File.ashx?t=Q&code=113100&c=102&s=0202&q=1	D:\Antigravity\test\護理師高考歷屆試題\113年_第二次\2_基本護理學與護理行政_試題.pdf
https://wwwq.moex.gov.tw/exam/wHandExamQandA_File.ashx?t=S&code=113100&c=102&s=0202&q=1	D:\Antigravity\test\護理師高考歷屆試題\113年_第二次\2_基本護理學與護理行政_答案.pdf
https://wwwq.moex.gov.tw/exam/wHandExamQandA_File.ashx?t=Q&code=113100&c=102&s=0203&q=1	D:\Antigravity\test\護理師高考歷屆試題\113年_第二次\3_內外科護理學_試題.pdf
https://wwwq.moex.gov.tw/exam/wHandExamQandA_File.ashx?t=S&code=113100&c=102&s=0203&q=1	D:\Antigravity\test\護理師高考歷屆試題\113年_第二次\3_內外科護理學_答案.pdf
https://wwwq.moex.gov.tw/exam/wHandExamQandA_File.ashx?t=M&code=113100&c=102&s=0203&q=1	D:\Antigravity\test\護理師高考歷屆試題\113年_第二次\3_內外科護理學_更正答案.pdf
https://wwwq.moex.gov.tw/exam/wHandExamQandA_File.ashx?t=Q&code=113100&c=102&s=0204&q=1	D:\Antigravity\test\護理師高考歷屆試題\113年_第二次\4_產兒科護理學_試題.pdf
https://wwwq.moex.gov.tw/exam/wHandExamQandA_File.ashx?t=S&code=113100&c=102&s=0204&q=1	D:\Antigravity\test\護理師高考歷屆試題\113年_第二次\4_產兒科護理學_答案.pdf
https://wwwq.moex.gov.tw/exam/wHandExamQandA_File.ashx?t=Q&code=113100&c=102&s=0205&q=1	D:\Antigravity\test\護理師高考歷屆試題\113年_第二次\5_精神科與社區衛生護理學_試題.pdf
https://wwwq.moex.gov.tw/exam/wHandExamQandA_File.ashx?t=S&code=113100&c=102&s=0205&q=1	D:\Antigravity\test\護理師高考歷屆試題\113年_第二次\5_精神科與社區衛生護理學_答案.pdf
https://wwwq.moex.gov.tw/exam/wHandExamQandA_File.ashx?t=Q&code=113180&c=101&s=0101&q=1	D:\Antigravity\test\護理師高考歷屆試題\113年_第三次\1_基礎醫學_試題.pdf
https://wwwq.moex.gov.tw/exam/wHandExamQandA_File.ashx?t=S&code=113180&c=101&s=0101&q=1	D:\Antigravity\test\護理師高考歷屆試題\113年_第三次\1_基礎醫學_答案.pdf
https://wwwq.moex.gov.tw/exam/wHandExamQandA_File.ashx?t=Q&code=113180&c=101&s=0102&q=1	D:\Antigravity\test\護理師高考歷屆試題\113年_第三次\2_基本護理學與護理行政_試題.pdf
https://wwwq.moex.gov.tw/exam/wHandExamQandA_File.ashx?t=S&code=113180&c=101&s=0102&q=1	D:\Antigravity\test\護理師高考歷屆試題\113年_第三次\2_基本護理學與護理行政_答案.pdf
https://wwwq.moex.gov.tw/exam/wHandExamQandA_File.ashx?t=Q&code=113180&c=101&s=0103&q=1	D:\Antigravity\test\護理師高考歷屆試題\113年_第三次\3_內外科護理學_試題.pdf
https://wwwq.moex.gov.tw/exam/wHandExamQandA_File.ashx?t=S&code=113180&c=101&s=0103&q=1	D:\Antigravity\test\護理師高考歷屆試題\113年_第三次\3_內外科護理學_答案.pdf
https://wwwq.moex.gov.tw/exam/wHandExamQandA_File.ashx?t=M&code=113180&c=101&s=0103&q=1	D:\Antigravity\test\護理師高考歷屆試題\113年_第三次\3_內外科護理學_更正答案.pdf
https://wwwq.moex.gov.tw/exam/wHandExamQandA_File.ashx?t=Q&code=113180&c=101&s=0201&q=1	D:\Antigravity\test\護理師高考歷屆試題\113年_第三次\4_產兒科護理學_試題.pdf
https://wwwq.moex.gov.tw/exam/wHandExamQandA_File.ashx?t=S&code=113180&c=101&s=0201&q=1	D:\Antigravity\test\護理師高考歷屆試題\113年_第三次\4_產兒科護理學_答案.pdf
https://wwwq.moex.gov.tw/exam/wHandExamQandA_File.ashx?t=Q&code=113180&c=101&s=0202&q=1	D:\Antigravity\test\護理師高考歷屆試題\113年_第三次\5_精神科與社區衛生護理學_試題.pdf
https://wwwq.moex.gov.tw/exam/wHandExamQandA_File.ashx?t=S&code=113180&c=101&s=0202&q=1	D:\Antigravity\test\護理師高考歷屆試題\113年_第三次\5_精神科與社區衛生護理學_答案.pdf
https://wwwq.moex.gov.tw/exam/wHandExamQandA_File.ashx?t=M&code=113180&c=101&s=0202&q=1	D:\Antigravity\test\護理師高考歷屆試題\113年_第三次\5_精神科與社區衛生護理學_更正答案.pdf
https://wwwq.moex.gov.tw/exam/wHandExamQandA_File.ashx?t=Q&code=114030&c=101&s=0101&q=1	D:\Antigravity\test\護理師高考歷屆試題\114年_第一次\1_基礎醫學_試題.pdf
https://wwwq.moex.gov.tw/exam/wHandExamQandA_File.ashx?t=S&code=114030&c=101&s=0101&q=1	D:\Antigravity\test\護理師高考歷屆試題\114年_第一次\1_基礎醫學_答案.pdf
https://wwwq.moex.gov.tw/exam/wHandExamQandA_File.ashx?t=Q&code=114030&c=101&s=0102&q=1	D:\Antigravity\test\護理師高考歷屆試題\114年_第一次\2_基本護理學與護理行政_試題.pdf
https://wwwq.moex.gov.tw/exam/wHandExamQandA_File.ashx?t=S&code=114030&c=101&s=0102&q=1	D:\Antigravity\test\護理師高考歷屆試題\114年_第一次\2_基本護理學與護理行政_答案.pdf
https://wwwq.moex.gov.tw/exam/wHandExamQandA_File.ashx?t=M&code=114030&c=101&s=0102&q=1	D:\Antigravity\test\護理師高考歷屆試題\114年_第一次\2_基本護理學與護理行政_更正答案.pdf
https://wwwq.moex.gov.tw/exam/wHandExamQandA_File.ashx?t=Q&code=114030&c=101&s=0103&q=1	D:\Antigravity\test\護理師高考歷屆試題\114年_第一次\3_內外科護理學_試題.pdf
https://wwwq.moex.gov.tw/exam/wHandExamQandA_File.ashx?t=S&code=114030&c=101&s=0103&q=1	D:\Antigravity\test\護理師高考歷屆試題\114年_第一次\3_內外科護理學_答案.pdf
https://wwwq.moex.gov.tw/exam/wHandExamQandA_File.ashx?t=Q&code=114030&c=101&s=0104&q=1	D:\Antigravity\test\護理師高考歷屆試題\114年_第一次\4_產兒科護理學_試題.pdf
https://wwwq.moex.gov.tw/exam/wHandExamQandA_File.ashx?t=S&code=114030&c=101&s=0104&q=1	D:\Antigravity\test\護理師高考歷屆試題\114年_第一次\4_產兒科護理學_答案.pdf
https://wwwq.moex.gov.tw/exam/wHandExamQandA_File.ashx?t=Q&code=114030&c=101&s=0105&q=1	D:\Antigravity\test\護理師高考歷屆試題\114年_第一次\5_精神科與社區衛生護理學_試題.pdf
https://wwwq.moex.gov.tw/exam/wHandExamQandA_File.ashx?t=S&code=114030&c=101&s=0105&q=1	D:\Antigravity\test\護理師高考歷屆試題\114年_第一次\5_精神科與社區衛生護理學_答案.pdf
https://wwwq.moex.gov.tw/exam/wHandExamQandA_File.ashx?t=Q&code=114100&c=102&s=0201&q=1	D:\Antigravity\test\護理師高考歷屆試題\114年_第二次\1_基礎醫學_試題.pdf
https://wwwq.moex.gov.tw/exam/wHandExamQandA_File.ashx?t=S&code=114100&c=102&s=0201&q=1	D:\Antigravity\test\護理師高考歷屆試題\114年_第二次\1_基礎醫學_答案.pdf
https://wwwq.moex.gov.tw/exam/wHandExamQandA_File.ashx?t=M&code=114100&c=102&s=0201&q=1	D:\Antigravity\test\護理師高考歷屆試題\114年_第二次\1_基礎醫學_更正答案.pdf
https://wwwq.moex.gov.tw/exam/wHandExamQandA_File.ashx?t=Q&code=114100&c=102&s=0202&q=1	D:\Antigravity\test\護理師高考歷屆試題\114年_第二次\2_基本護理學與護理行政_試題.pdf
https://wwwq.moex.gov.tw/exam/wHandExamQandA_File.ashx?t=S&code=114100&c=102&s=0202&q=1	D:\Antigravity\test\護理師高考歷屆試題\114年_第二次\2_基本護理學與護理行政_答案.pdf
https://wwwq.moex.gov.tw/exam/wHandExamQandA_File.ashx?t=M&code=114100&c=102&s=0202&q=1	D:\Antigravity\test\護理師高考歷屆試題\114年_第二次\2_基本護理學與護理行政_更正答案.pdf
https://wwwq.moex.gov.tw/exam/wHandExamQandA_File.ashx?t=Q&code=114100&c=102&s=0203&q=1	D:\Antigravity\test\護理師高考歷屆試題\114年_第二次\3_內外科護理學_試題.pdf
https://wwwq.moex.gov.tw/exam/wHandExamQandA_File.ashx?t=S&code=114100&c=102&s=0203&q=1	D:\Antigravity\test\護理師高考歷屆試題\114年_第二次\3_內外科護理學_答案.pdf
https://wwwq.moex.gov.tw/exam/wHandExamQandA_File.ashx?t=Q&code=114100&c=102&s=0204&q=1	D:\Antigravity\test\護理師高考歷屆試題\114年_第二次\4_產兒科護理學_試題.pdf
https://wwwq.moex.gov.tw/exam/wHandExamQandA_File.ashx?t=S&code=114100&c=102&s=0204&q=1	D:\Antigravity\test\護理師高考歷屆試題\114年_第二次\4_產兒科護理學_答案.pdf
https://wwwq.moex.gov.tw/exam/wHandExamQandA_File.ashx?t=Q&code=114100&c=102&s=0205&q=1	D:\Antigravity\test\護理師高考歷屆試題\114年_第二次\5_精神科與社區衛生護理學_試題.pdf
https://wwwq.moex.gov.tw/exam/wHandExamQandA_File.ashx?t=S&code=114100&c=102&s=0205&q=1	D:\Antigravity\test\護理師高考歷屆試題\114年_第二次\5_精神科與社區衛生護理學_答案.pdf
https://wwwq.moex.gov.tw/exam/wHandExamQandA_File.ashx?t=M&code=114100&c=102&s=0205&q=1	D:\Antigravity\test\護理師高考歷屆試題\114年_第二次\5_精神科與社區衛生護理學_更正答案.pdf
https://wwwq.moex.gov.tw/exam/wHandExamQandA_File.ashx?t=Q&code=114170&c=101&s=0101&q=1	D:\Antigravity\test\護理師高考歷屆試題\114年_第三次\1_基礎醫學_試題.pdf
https://wwwq.moex.gov.tw/exam/wHandExamQandA_File.ashx?t=S&code=114170&c=101&s=0101&q=1	D:\Antigravity\test\護理師高考歷屆試題\114年_第三次\1_基礎醫學_答案.pdf
https://wwwq.moex.gov.tw/exam/wHandExamQandA_File.ashx?t=Q&code=114170&c=101&s=0102&q=1	D:\Antigravity\test\護理師高考歷屆試題\114年_第三次\2_基本護理學與護理行政_試題.pdf
https://wwwq.moex.gov.tw/exam/wHandExamQandA_File.ashx?t=S&code=114170&c=101&s=0102&q=1	D:\Antigravity\test\護理師高考歷屆試題\114年_第三次\2_基本護理學與護理行政_答案.pdf
https://wwwq.moex.gov.tw/exam/wHandExamQandA_File.ashx?t=Q&code=114170&c=101&s=0103&q=1	D:\Antigravity\test\護理師高考歷屆試題\114年_第三次\3_內外科護理學_試題.pdf
https://wwwq.moex.gov.tw/exam/wHandExamQandA_File.ashx?t=S&code=114170&c=101&s=0103&q=1	D:\Antigravity\test\護理師高考歷屆試題\114年_第三次\3_內外科護理學_答案.pdf
https://wwwq.moex.gov.tw/exam/wHandExamQandA_File.ashx?t=Q&code=114170&c=101&s=0201&q=1	D:\Antigravity\test\護理師高考歷屆試題\114年_第三次\4_產兒科護理學_試題.pdf
https://wwwq.moex.gov.tw/exam/wHandExamQandA_File.ashx?t=S&code=114170&c=101&s=0201&q=1	D:\Antigravity\test\護理師高考歷屆試題\114年_第三次\4_產兒科護理學_答案.pdf
https://wwwq.moex.gov.tw/exam/wHandExamQandA_File.ashx?t=Q&code=114170&c=101&s=0202&q=1	D:\Antigravity\test\護理師高考歷屆試題\114年_第三次\5_精神科與社區衛生護理學_試題.pdf
https://wwwq.moex.gov.tw/exam/wHandExamQandA_File.ashx?t=S&code=114170&c=101&s=0202&q=1	D:\Antigravity\test\護理師高考歷屆試題\114年_第三次\5_精神科與社區衛生護理學_答案.pdf
