https://wwwq.moex.gov.tw/exam/wHandExamQandA_File.ashx?t=Q&code=100020&c=306&s=11&q=1	D:\Antigravity\test\呼吸治療師高考歷屆試題\100年_第一次\1_心肺基礎醫學_試題.pdf
https://wwwq.moex.gov.tw/exam/wHandExamQandA_File.ashx?t=S&code=100020&c=306&s=11&q=1	D:\Antigravity\test\呼吸治療師高考歷屆試題\100年_第一次\1_心肺基礎醫學_答案.pdf
https://wwwq.moex.gov.tw/exam/wHandExamQandA_File.ashx?t=Q&code=100020&c=306&s=22&q=1	D:\Antigravity\test\呼吸治療師高考歷屆試題\100年_第一次\2_基礎呼吸治療學_試題.pdf
https://wwwq.moex.gov.tw/exam/wHandExamQandA_File.ashx?t=S&code=100020&c=306&s=22&q=1	D:\Antigravity\test\呼吸治療師高考歷屆試題\100年_第一次\2_基礎呼吸治療學_答案.pdf
https://wwwq.moex.gov.tw/exam/wHandExamQandA_File.ashx?t=Q&code=100020&c=306&s=33&q=1	D:\Antigravity\test\呼吸治療師高考歷屆試題\100年_第一次\3_呼吸治療儀器設備學_試題.pdf
https://wwwq.moex.gov.tw/exam/wHandExamQandA_File.ashx?t=S&code=100020&c=306&s=33&q=1	D:\Antigravity\test\呼吸治療師高考歷屆試題\100年_第一次\3_呼吸治療儀器設備學_答案.pdf
https://wwwq.moex.gov.tw/exam/wHandExamQandA_File.ashx?t=Q&code=100020&c=306&s=44&q=1	D:\Antigravity\test\呼吸治療師高考歷屆試題\100年_第一次\4_呼吸器原理及應用_試題.pdf
https://wwwq.moex.gov.tw/exam/wHandExamQandA_File.ashx?t=S&code=100020&c=306&s=44&q=1	D:\Antigravity\test\呼吸治療師高考歷屆試題\100年_第一次\4_呼吸器原理及應用_答案.pdf
https://wwwq.moex.gov.tw/exam/wHandExamQandA_File.ashx?t=Q&code=100020&c=306&s=55&q=1	D:\Antigravity\test\呼吸治療師高考歷屆試題\100年_第一次\5_重症呼吸治療學_試題.pdf
https://wwwq.moex.gov.tw/exam/wHandExamQandA_File.ashx?t=S&code=100020&c=306&s=55&q=1	D:\Antigravity\test\呼吸治療師高考歷屆試題\100年_第一次\5_重症呼吸治療學_答案.pdf
https://wwwq.moex.gov.tw/exam/wHandExamQandA_File.ashx?t=Q&code=100020&c=306&s=66&q=1	D:\Antigravity\test\呼吸治療師高考歷屆試題\100年_第一次\6_呼吸疾病學_試題.pdf
https://wwwq.moex.gov.tw/exam/wHandExamQandA_File.ashx?t=S&code=100020&c=306&s=66&q=1	D:\Antigravity\test\呼吸治療師高考歷屆試題\100年_第一次\6_呼吸疾病學_答案.pdf
https://wwwq.moex.gov.tw/exam/wHandExamQandA_File.ashx?t=Q&code=100130&c=306&s=11&q=1	D:\Antigravity\test\呼吸治療師高考歷屆試題\100年_第二次\1_心肺基礎醫學_試題.pdf
https://wwwq.moex.gov.tw/exam/wHandExamQandA_File.ashx?t=S&code=100130&c=306&s=11&q=1	D:\Antigravity\test\呼吸治療師高考歷屆試題\100年_第二次\1_心肺基礎醫學_答案.pdf
https://wwwq.moex.gov.tw/exam/wHandExamQandA_File.ashx?t=Q&code=100130&c=306&s=22&q=1	D:\Antigravity\test\呼吸治療師高考歷屆試題\100年_第二次\2_基礎呼吸治療學_試題.pdf
https://wwwq.moex.gov.tw/exam/wHandExamQandA_File.ashx?t=S&code=100130&c=306&s=22&q=1	D:\Antigravity\test\呼吸治療師高考歷屆試題\100年_第二次\2_基礎呼吸治療學_答案.pdf
https://wwwq.moex.gov.tw/exam/wHandExamQandA_File.ashx?t=M&code=100130&c=306&s=22&q=1	D:\Antigravity\test\呼吸治療師高考歷屆試題\100年_第二次\2_基礎呼吸治療學_更正答案.pdf
https://wwwq.moex.gov.tw/exam/wHandExamQandA_File.ashx?t=Q&code=100130&c=306&s=33&q=1	D:\Antigravity\test\呼吸治療師高考歷屆試題\100年_第二次\3_呼吸治療儀器設備學_試題.pdf
https://wwwq.moex.gov.tw/exam/wHandExamQandA_File.ashx?t=S&code=100130&c=306&s=33&q=1	D:\Antigravity\test\呼吸治療師高考歷屆試題\100年_第二次\3_呼吸治療儀器設備學_答案.pdf
https://wwwq.moex.gov.tw/exam/wHandExamQandA_File.ashx?t=M&code=100130&c=306&s=33&q=1	D:\Antigravity\test\呼吸治療師高考歷屆試題\100年_第二次\3_呼吸治療儀器設備學_更正答案.pdf
https://wwwq.moex.gov.tw/exam/wHandExamQandA_File.ashx?t=Q&code=100130&c=306&s=44&q=1	D:\Antigravity\test\呼吸治療師高考歷屆試題\100年_第二次\4_呼吸器原理及應用_試題.pdf
https://wwwq.moex.gov.tw/exam/wHandExamQandA_File.ashx?t=S&code=100130&c=306&s=44&q=1	D:\Antigravity\test\呼吸治療師高考歷屆試題\100年_第二次\4_呼吸器原理及應用_答案.pdf
https://wwwq.moex.gov.tw/exam/wHandExamQandA_File.ashx?t=M&code=100130&c=306&s=44&q=1	D:\Antigravity\test\呼吸治療師高考歷屆試題\100年_第二次\4_呼吸器原理及應用_更正答案.pdf
https://wwwq.moex.gov.tw/exam/wHandExamQandA_File.ashx?t=Q&code=100130&c=306&s=55&q=1	D:\Antigravity\test\呼吸治療師高考歷屆試題\100年_第二次\5_重症呼吸治療學_試題.pdf
https://wwwq.moex.gov.tw/exam/wHandExamQandA_File.ashx?t=S&code=100130&c=306&s=55&q=1	D:\Antigravity\test\呼吸治療師高考歷屆試題\100年_第二次\5_重症呼吸治療學_答案.pdf
https://wwwq.moex.gov.tw/exam/wHandExamQandA_File.ashx?t=Q&code=100130&c=306&s=66&q=1	D:\Antigravity\test\呼吸治療師高考歷屆試題\100年_第二次\6_呼吸疾病學_試題.pdf
https://wwwq.moex.gov.tw/exam/wHandExamQandA_File.ashx?t=S&code=100130&c=306&s=66&q=1	D:\Antigravity\test\呼吸治療師高考歷屆試題\100年_第二次\6_呼吸疾病學_答案.pdf
https://wwwq.moex.gov.tw/exam/wHandExamQandA_File.ashx?t=Q&code=101010&c=306&s=11&q=1	D:\Antigravity\test\呼吸治療師高考歷屆試題\101年_第一次\1_心肺基礎醫學_試題.pdf
https://wwwq.moex.gov.tw/exam/wHandExamQandA_File.ashx?t=S&code=101010&c=306&s=11&q=1	D:\Antigravity\test\呼吸治療師高考歷屆試題\101年_第一次\1_心肺基礎醫學_答案.pdf
https://wwwq.moex.gov.tw/exam/wHandExamQandA_File.ashx?t=Q&code=101010&c=306&s=22&q=1	D:\Antigravity\test\呼吸治療師高考歷屆試題\101年_第一次\2_基礎呼吸治療學_試題.pdf
https://wwwq.moex.gov.tw/exam/wHandExamQandA_File.ashx?t=S&code=101010&c=306&s=22&q=1	D:\Antigravity\test\呼吸治療師高考歷屆試題\101年_第一次\2_基礎呼吸治療學_答案.pdf
https://wwwq.moex.gov.tw/exam/wHandExamQandA_File.ashx?t=Q&code=101010&c=306&s=33&q=1	D:\Antigravity\test\呼吸治療師高考歷屆試題\101年_第一次\3_呼吸治療儀器設備學_試題.pdf
https://wwwq.moex.gov.tw/exam/wHandExamQandA_File.ashx?t=S&code=101010&c=306&s=33&q=1	D:\Antigravity\test\呼吸治療師高考歷屆試題\101年_第一次\3_呼吸治療儀器設備學_答案.pdf
https://wwwq.moex.gov.tw/exam/wHandExamQandA_File.ashx?t=M&code=101010&c=306&s=33&q=1	D:\Antigravity\test\呼吸治療師高考歷屆試題\101年_第一次\3_呼吸治療儀器設備學_更正答案.pdf
https://wwwq.moex.gov.tw/exam/wHandExamQandA_File.ashx?t=Q&code=101010&c=306&s=44&q=1	D:\Antigravity\test\呼吸治療師高考歷屆試題\101年_第一次\4_呼吸器原理及應用_試題.pdf
https://wwwq.moex.gov.tw/exam/wHandExamQandA_File.ashx?t=S&code=101010&c=306&s=44&q=1	D:\Antigravity\test\呼吸治療師高考歷屆試題\101年_第一次\4_呼吸器原理及應用_答案.pdf
https://wwwq.moex.gov.tw/exam/wHandExamQandA_File.ashx?t=Q&code=101010&c=306&s=55&q=1	D:\Antigravity\test\呼吸治療師高考歷屆試題\101年_第一次\5_重症呼吸治療學_試題.pdf
https://wwwq.moex.gov.tw/exam/wHandExamQandA_File.ashx?t=S&code=101010&c=306&s=55&q=1	D:\Antigravity\test\呼吸治療師高考歷屆試題\101年_第一次\5_重症呼吸治療學_答案.pdf
https://wwwq.moex.gov.tw/exam/wHandExamQandA_File.ashx?t=Q&code=101010&c=306&s=66&q=1	D:\Antigravity\test\呼吸治療師高考歷屆試題\101年_第一次\6_呼吸疾病學_試題.pdf
https://wwwq.moex.gov.tw/exam/wHandExamQandA_File.ashx?t=S&code=101010&c=306&s=66&q=1	D:\Antigravity\test\呼吸治療師高考歷屆試題\101年_第一次\6_呼吸疾病學_答案.pdf
https://wwwq.moex.gov.tw/exam/wHandExamQandA_File.ashx?t=Q&code=102020&c=306&s=11&q=1	D:\Antigravity\test\呼吸治療師高考歷屆試題\102年_第一次\1_心肺基礎醫學_試題.pdf
https://wwwq.moex.gov.tw/exam/wHandExamQandA_File.ashx?t=S&code=102020&c=306&s=11&q=1	D:\Antigravity\test\呼吸治療師高考歷屆試題\102年_第一次\1_心肺基礎醫學_答案.pdf
https://wwwq.moex.gov.tw/exam/wHandExamQandA_File.ashx?t=Q&code=102020&c=306&s=22&q=1	D:\Antigravity\test\呼吸治療師高考歷屆試題\102年_第一次\2_基礎呼吸治療學_試題.pdf
https://wwwq.moex.gov.tw/exam/wHandExamQandA_File.ashx?t=S&code=102020&c=306&s=22&q=1	D:\Antigravity\test\呼吸治療師高考歷屆試題\102年_第一次\2_基礎呼吸治療學_答案.pdf
https://wwwq.moex.gov.tw/exam/wHandExamQandA_File.ashx?t=Q&code=102020&c=306&s=33&q=1	D:\Antigravity\test\呼吸治療師高考歷屆試題\102年_第一次\3_呼吸治療儀器設備學_試題.pdf
https://wwwq.moex.gov.tw/exam/wHandExamQandA_File.ashx?t=S&code=102020&c=306&s=33&q=1	D:\Antigravity\test\呼吸治療師高考歷屆試題\102年_第一次\3_呼吸治療儀器設備學_答案.pdf
https://wwwq.moex.gov.tw/exam/wHandExamQandA_File.ashx?t=Q&code=102020&c=306&s=44&q=1	D:\Antigravity\test\呼吸治療師高考歷屆試題\102年_第一次\4_呼吸器原理及應用_試題.pdf
https://wwwq.moex.gov.tw/exam/wHandExamQandA_File.ashx?t=S&code=102020&c=306&s=44&q=1	D:\Antigravity\test\呼吸治療師高考歷屆試題\102年_第一次\4_呼吸器原理及應用_答案.pdf
https://wwwq.moex.gov.tw/exam/wHandExamQandA_File.ashx?t=Q&code=102020&c=306&s=55&q=1	D:\Antigravity\test\呼吸治療師高考歷屆試題\102年_第一次\5_重症呼吸治療學_試題.pdf
https://wwwq.moex.gov.tw/exam/wHandExamQandA_File.ashx?t=S&code=102020&c=306&s=55&q=1	D:\Antigravity\test\呼吸治療師高考歷屆試題\102年_第一次\5_重症呼吸治療學_答案.pdf
https://wwwq.moex.gov.tw/exam/wHandExamQandA_File.ashx?t=Q&code=102020&c=306&s=66&q=1	D:\Antigravity\test\呼吸治療師高考歷屆試題\102年_第一次\6_呼吸疾病學_試題.pdf
https://wwwq.moex.gov.tw/exam/wHandExamQandA_File.ashx?t=S&code=102020&c=306&s=66&q=1	D:\Antigravity\test\呼吸治療師高考歷屆試題\102年_第一次\6_呼吸疾病學_答案.pdf
https://wwwq.moex.gov.tw/exam/wHandExamQandA_File.ashx?t=Q&code=102100&c=306&s=11&q=1	D:\Antigravity\test\呼吸治療師高考歷屆試題\102年_第二次\1_心肺基礎醫學_試題.pdf
https://wwwq.moex.gov.tw/exam/wHandExamQandA_File.ashx?t=S&code=102100&c=306&s=11&q=1	D:\Antigravity\test\呼吸治療師高考歷屆試題\102年_第二次\1_心肺基礎醫學_答案.pdf
https://wwwq.moex.gov.tw/exam/wHandExamQandA_File.ashx?t=M&code=102100&c=306&s=11&q=1	D:\Antigravity\test\呼吸治療師高考歷屆試題\102年_第二次\1_心肺基礎醫學_更正答案.pdf
https://wwwq.moex.gov.tw/exam/wHandExamQandA_File.ashx?t=Q&code=102100&c=306&s=22&q=1	D:\Antigravity\test\呼吸治療師高考歷屆試題\102年_第二次\2_基礎呼吸治療學_試題.pdf
https://wwwq.moex.gov.tw/exam/wHandExamQandA_File.ashx?t=S&code=102100&c=306&s=22&q=1	D:\Antigravity\test\呼吸治療師高考歷屆試題\102年_第二次\2_基礎呼吸治療學_答案.pdf
https://wwwq.moex.gov.tw/exam/wHandExamQandA_File.ashx?t=M&code=102100&c=306&s=22&q=1	D:\Antigravity\test\呼吸治療師高考歷屆試題\102年_第二次\2_基礎呼吸治療學_更正答案.pdf
https://wwwq.moex.gov.tw/exam/wHandExamQandA_File.ashx?t=Q&code=102100&c=306&s=33&q=1	D:\Antigravity\test\呼吸治療師高考歷屆試題\102年_第二次\3_呼吸治療儀器設備學_試題.pdf
https://wwwq.moex.gov.tw/exam/wHandExamQandA_File.ashx?t=S&code=102100&c=306&s=33&q=1	D:\Antigravity\test\呼吸治療師高考歷屆試題\102年_第二次\3_呼吸治療儀器設備學_答案.pdf
https://wwwq.moex.gov.tw/exam/wHandExamQandA_File.ashx?t=M&code=102100&c=306&s=33&q=1	D:\Antigravity\test\呼吸治療師高考歷屆試題\102年_第二次\3_呼吸治療儀器設備學_更正答案.pdf
https://wwwq.moex.gov.tw/exam/wHandExamQandA_File.ashx?t=Q&code=102100&c=306&s=44&q=1	D:\Antigravity\test\呼吸治療師高考歷屆試題\102年_第二次\4_呼吸器原理及應用_試題.pdf
https://wwwq.moex.gov.tw/exam/wHandExamQandA_File.ashx?t=S&code=102100&c=306&s=44&q=1	D:\Antigravity\test\呼吸治療師高考歷屆試題\102年_第二次\4_呼吸器原理及應用_答案.pdf
https://wwwq.moex.gov.tw/exam/wHandExamQandA_File.ashx?t=Q&code=102100&c=306&s=55&q=1	D:\Antigravity\test\呼吸治療師高考歷屆試題\102年_第二次\5_重症呼吸治療學_試題.pdf
https://wwwq.moex.gov.tw/exam/wHandExamQandA_File.ashx?t=S&code=102100&c=306&s=55&q=1	D:\Antigravity\test\呼吸治療師高考歷屆試題\102年_第二次\5_重症呼吸治療學_答案.pdf
https://wwwq.moex.gov.tw/exam/wHandExamQandA_File.ashx?t=Q&code=102100&c=306&s=66&q=1	D:\Antigravity\test\呼吸治療師高考歷屆試題\102年_第二次\6_呼吸疾病學_試題.pdf
https://wwwq.moex.gov.tw/exam/wHandExamQandA_File.ashx?t=S&code=102100&c=306&s=66&q=1	D:\Antigravity\test\呼吸治療師高考歷屆試題\102年_第二次\6_呼吸疾病學_答案.pdf
https://wwwq.moex.gov.tw/exam/wHandExamQandA_File.ashx?t=Q&code=103020&c=306&s=11&q=1	D:\Antigravity\test\呼吸治療師高考歷屆試題\103年_第一次\1_心肺基礎醫學_試題.pdf
https://wwwq.moex.gov.tw/exam/wHandExamQandA_File.ashx?t=S&code=103020&c=306&s=11&q=1	D:\Antigravity\test\呼吸治療師高考歷屆試題\103年_第一次\1_心肺基礎醫學_答案.pdf
https://wwwq.moex.gov.tw/exam/wHandExamQandA_File.ashx?t=Q&code=103020&c=306&s=22&q=1	D:\Antigravity\test\呼吸治療師高考歷屆試題\103年_第一次\2_基礎呼吸治療學_試題.pdf
https://wwwq.moex.gov.tw/exam/wHandExamQandA_File.ashx?t=S&code=103020&c=306&s=22&q=1	D:\Antigravity\test\呼吸治療師高考歷屆試題\103年_第一次\2_基礎呼吸治療學_答案.pdf
https://wwwq.moex.gov.tw/exam/wHandExamQandA_File.ashx?t=Q&code=103020&c=306&s=33&q=1	D:\Antigravity\test\呼吸治療師高考歷屆試題\103年_第一次\3_呼吸治療儀器設備學_試題.pdf
https://wwwq.moex.gov.tw/exam/wHandExamQandA_File.ashx?t=S&code=103020&c=306&s=33&q=1	D:\Antigravity\test\呼吸治療師高考歷屆試題\103年_第一次\3_呼吸治療儀器設備學_答案.pdf
https://wwwq.moex.gov.tw/exam/wHandExamQandA_File.ashx?t=Q&code=103020&c=306&s=44&q=1	D:\Antigravity\test\呼吸治療師高考歷屆試題\103年_第一次\4_呼吸器原理及應用_試題.pdf
https://wwwq.moex.gov.tw/exam/wHandExamQandA_File.ashx?t=S&code=103020&c=306&s=44&q=1	D:\Antigravity\test\呼吸治療師高考歷屆試題\103年_第一次\4_呼吸器原理及應用_答案.pdf
https://wwwq.moex.gov.tw/exam/wHandExamQandA_File.ashx?t=M&code=103020&c=306&s=44&q=1	D:\Antigravity\test\呼吸治療師高考歷屆試題\103年_第一次\4_呼吸器原理及應用_更正答案.pdf
https://wwwq.moex.gov.tw/exam/wHandExamQandA_File.ashx?t=Q&code=103020&c=306&s=55&q=1	D:\Antigravity\test\呼吸治療師高考歷屆試題\103年_第一次\5_重症呼吸治療學_試題.pdf
https://wwwq.moex.gov.tw/exam/wHandExamQandA_File.ashx?t=S&code=103020&c=306&s=55&q=1	D:\Antigravity\test\呼吸治療師高考歷屆試題\103年_第一次\5_重症呼吸治療學_答案.pdf
https://wwwq.moex.gov.tw/exam/wHandExamQandA_File.ashx?t=M&code=103020&c=306&s=55&q=1	D:\Antigravity\test\呼吸治療師高考歷屆試題\103年_第一次\5_重症呼吸治療學_更正答案.pdf
https://wwwq.moex.gov.tw/exam/wHandExamQandA_File.ashx?t=Q&code=103020&c=306&s=66&q=1	D:\Antigravity\test\呼吸治療師高考歷屆試題\103年_第一次\6_呼吸疾病學_試題.pdf
https://wwwq.moex.gov.tw/exam/wHandExamQandA_File.ashx?t=S&code=103020&c=306&s=66&q=1	D:\Antigravity\test\呼吸治療師高考歷屆試題\103年_第一次\6_呼吸疾病學_答案.pdf
https://wwwq.moex.gov.tw/exam/wHandExamQandA_File.ashx?t=Q&code=103090&c=306&s=11&q=1	D:\Antigravity\test\呼吸治療師高考歷屆試題\103年_第二次\1_心肺基礎醫學_試題.pdf
https://wwwq.moex.gov.tw/exam/wHandExamQandA_File.ashx?t=S&code=103090&c=306&s=11&q=1	D:\Antigravity\test\呼吸治療師高考歷屆試題\103年_第二次\1_心肺基礎醫學_答案.pdf
https://wwwq.moex.gov.tw/exam/wHandExamQandA_File.ashx?t=M&code=103090&c=306&s=11&q=1	D:\Antigravity\test\呼吸治療師高考歷屆試題\103年_第二次\1_心肺基礎醫學_更正答案.pdf
https://wwwq.moex.gov.tw/exam/wHandExamQandA_File.ashx?t=Q&code=103090&c=306&s=22&q=1	D:\Antigravity\test\呼吸治療師高考歷屆試題\103年_第二次\2_基礎呼吸治療學_試題.pdf
https://wwwq.moex.gov.tw/exam/wHandExamQandA_File.ashx?t=S&code=103090&c=306&s=22&q=1	D:\Antigravity\test\呼吸治療師高考歷屆試題\103年_第二次\2_基礎呼吸治療學_答案.pdf
https://wwwq.moex.gov.tw/exam/wHandExamQandA_File.ashx?t=M&code=103090&c=306&s=22&q=1	D:\Antigravity\test\呼吸治療師高考歷屆試題\103年_第二次\2_基礎呼吸治療學_更正答案.pdf
https://wwwq.moex.gov.tw/exam/wHandExamQandA_File.ashx?t=Q&code=103090&c=306&s=33&q=1	D:\Antigravity\test\呼吸治療師高考歷屆試題\103年_第二次\3_呼吸治療儀器設備學_試題.pdf
https://wwwq.moex.gov.tw/exam/wHandExamQandA_File.ashx?t=S&code=103090&c=306&s=33&q=1	D:\Antigravity\test\呼吸治療師高考歷屆試題\103年_第二次\3_呼吸治療儀器設備學_答案.pdf
https://wwwq.moex.gov.tw/exam/wHandExamQandA_File.ashx?t=M&code=103090&c=306&s=33&q=1	D:\Antigravity\test\呼吸治療師高考歷屆試題\103年_第二次\3_呼吸治療儀器設備學_更正答案.pdf
https://wwwq.moex.gov.tw/exam/wHandExamQandA_File.ashx?t=Q&code=103090&c=306&s=44&q=1	D:\Antigravity\test\呼吸治療師高考歷屆試題\103年_第二次\4_呼吸器原理及應用_試題.pdf
https://wwwq.moex.gov.tw/exam/wHandExamQandA_File.ashx?t=S&code=103090&c=306&s=44&q=1	D:\Antigravity\test\呼吸治療師高考歷屆試題\103年_第二次\4_呼吸器原理及應用_答案.pdf
https://wwwq.moex.gov.tw/exam/wHandExamQandA_File.ashx?t=M&code=103090&c=306&s=44&q=1	D:\Antigravity\test\呼吸治療師高考歷屆試題\103年_第二次\4_呼吸器原理及應用_更正答案.pdf
https://wwwq.moex.gov.tw/exam/wHandExamQandA_File.ashx?t=Q&code=103090&c=306&s=55&q=1	D:\Antigravity\test\呼吸治療師高考歷屆試題\103年_第二次\5_重症呼吸治療學_試題.pdf
https://wwwq.moex.gov.tw/exam/wHandExamQandA_File.ashx?t=S&code=103090&c=306&s=55&q=1	D:\Antigravity\test\呼吸治療師高考歷屆試題\103年_第二次\5_重症呼吸治療學_答案.pdf
https://wwwq.moex.gov.tw/exam/wHandExamQandA_File.ashx?t=M&code=103090&c=306&s=55&q=1	D:\Antigravity\test\呼吸治療師高考歷屆試題\103年_第二次\5_重症呼吸治療學_更正答案.pdf
https://wwwq.moex.gov.tw/exam/wHandExamQandA_File.ashx?t=Q&code=103090&c=306&s=66&q=1	D:\Antigravity\test\呼吸治療師高考歷屆試題\103年_第二次\6_呼吸疾病學_試題.pdf
https://wwwq.moex.gov.tw/exam/wHandExamQandA_File.ashx?t=S&code=103090&c=306&s=66&q=1	D:\Antigravity\test\呼吸治療師高考歷屆試題\103年_第二次\6_呼吸疾病學_答案.pdf
https://wwwq.moex.gov.tw/exam/wHandExamQandA_File.ashx?t=M&code=103090&c=306&s=66&q=1	D:\Antigravity\test\呼吸治療師高考歷屆試題\103年_第二次\6_呼吸疾病學_更正答案.pdf
https://wwwq.moex.gov.tw/exam/wHandExamQandA_File.ashx?t=Q&code=104020&c=306&s=11&q=1	D:\Antigravity\test\呼吸治療師高考歷屆試題\104年_第一次\1_心肺基礎醫學_試題.pdf
https://wwwq.moex.gov.tw/exam/wHandExamQandA_File.ashx?t=S&code=104020&c=306&s=11&q=1	D:\Antigravity\test\呼吸治療師高考歷屆試題\104年_第一次\1_心肺基礎醫學_答案.pdf
https://wwwq.moex.gov.tw/exam/wHandExamQandA_File.ashx?t=Q&code=104020&c=306&s=22&q=1	D:\Antigravity\test\呼吸治療師高考歷屆試題\104年_第一次\2_基礎呼吸治療學_試題.pdf
https://wwwq.moex.gov.tw/exam/wHandExamQandA_File.ashx?t=S&code=104020&c=306&s=22&q=1	D:\Antigravity\test\呼吸治療師高考歷屆試題\104年_第一次\2_基礎呼吸治療學_答案.pdf
https://wwwq.moex.gov.tw/exam/wHandExamQandA_File.ashx?t=Q&code=104020&c=306&s=33&q=1	D:\Antigravity\test\呼吸治療師高考歷屆試題\104年_第一次\3_呼吸治療儀器設備學_試題.pdf
https://wwwq.moex.gov.tw/exam/wHandExamQandA_File.ashx?t=S&code=104020&c=306&s=33&q=1	D:\Antigravity\test\呼吸治療師高考歷屆試題\104年_第一次\3_呼吸治療儀器設備學_答案.pdf
https://wwwq.moex.gov.tw/exam/wHandExamQandA_File.ashx?t=M&code=104020&c=306&s=33&q=1	D:\Antigravity\test\呼吸治療師高考歷屆試題\104年_第一次\3_呼吸治療儀器設備學_更正答案.pdf
https://wwwq.moex.gov.tw/exam/wHandExamQandA_File.ashx?t=Q&code=104020&c=306&s=44&q=1	D:\Antigravity\test\呼吸治療師高考歷屆試題\104年_第一次\4_呼吸器原理及應用_試題.pdf
https://wwwq.moex.gov.tw/exam/wHandExamQandA_File.ashx?t=S&code=104020&c=306&s=44&q=1	D:\Antigravity\test\呼吸治療師高考歷屆試題\104年_第一次\4_呼吸器原理及應用_答案.pdf
https://wwwq.moex.gov.tw/exam/wHandExamQandA_File.ashx?t=Q&code=104020&c=306&s=55&q=1	D:\Antigravity\test\呼吸治療師高考歷屆試題\104年_第一次\5_重症呼吸治療學_試題.pdf
https://wwwq.moex.gov.tw/exam/wHandExamQandA_File.ashx?t=S&code=104020&c=306&s=55&q=1	D:\Antigravity\test\呼吸治療師高考歷屆試題\104年_第一次\5_重症呼吸治療學_答案.pdf
https://wwwq.moex.gov.tw/exam/wHandExamQandA_File.ashx?t=Q&code=104020&c=306&s=66&q=1	D:\Antigravity\test\呼吸治療師高考歷屆試題\104年_第一次\6_呼吸疾病學_試題.pdf
https://wwwq.moex.gov.tw/exam/wHandExamQandA_File.ashx?t=S&code=104020&c=306&s=66&q=1	D:\Antigravity\test\呼吸治療師高考歷屆試題\104年_第一次\6_呼吸疾病學_答案.pdf
https://wwwq.moex.gov.tw/exam/wHandExamQandA_File.ashx?t=Q&code=104090&c=313&s=11&q=1	D:\Antigravity\test\呼吸治療師高考歷屆試題\104年_第二次\1_心肺基礎醫學_試題.pdf
https://wwwq.moex.gov.tw/exam/wHandExamQandA_File.ashx?t=S&code=104090&c=313&s=11&q=1	D:\Antigravity\test\呼吸治療師高考歷屆試題\104年_第二次\1_心肺基礎醫學_答案.pdf
https://wwwq.moex.gov.tw/exam/wHandExamQandA_File.ashx?t=M&code=104090&c=313&s=11&q=1	D:\Antigravity\test\呼吸治療師高考歷屆試題\104年_第二次\1_心肺基礎醫學_更正答案.pdf
https://wwwq.moex.gov.tw/exam/wHandExamQandA_File.ashx?t=Q&code=104090&c=313&s=22&q=1	D:\Antigravity\test\呼吸治療師高考歷屆試題\104年_第二次\2_基礎呼吸治療學_試題.pdf
https://wwwq.moex.gov.tw/exam/wHandExamQandA_File.ashx?t=S&code=104090&c=313&s=22&q=1	D:\Antigravity\test\呼吸治療師高考歷屆試題\104年_第二次\2_基礎呼吸治療學_答案.pdf
https://wwwq.moex.gov.tw/exam/wHandExamQandA_File.ashx?t=Q&code=104090&c=313&s=33&q=1	D:\Antigravity\test\呼吸治療師高考歷屆試題\104年_第二次\3_呼吸治療儀器設備學_試題.pdf
https://wwwq.moex.gov.tw/exam/wHandExamQandA_File.ashx?t=S&code=104090&c=313&s=33&q=1	D:\Antigravity\test\呼吸治療師高考歷屆試題\104年_第二次\3_呼吸治療儀器設備學_答案.pdf
https://wwwq.moex.gov.tw/exam/wHandExamQandA_File.ashx?t=M&code=104090&c=313&s=33&q=1	D:\Antigravity\test\呼吸治療師高考歷屆試題\104年_第二次\3_呼吸治療儀器設備學_更正答案.pdf
https://wwwq.moex.gov.tw/exam/wHandExamQandA_File.ashx?t=Q&code=104090&c=313&s=44&q=1	D:\Antigravity\test\呼吸治療師高考歷屆試題\104年_第二次\4_呼吸器原理及應用_試題.pdf
https://wwwq.moex.gov.tw/exam/wHandExamQandA_File.ashx?t=S&code=104090&c=313&s=44&q=1	D:\Antigravity\test\呼吸治療師高考歷屆試題\104年_第二次\4_呼吸器原理及應用_答案.pdf
https://wwwq.moex.gov.tw/exam/wHandExamQandA_File.ashx?t=M&code=104090&c=313&s=44&q=1	D:\Antigravity\test\呼吸治療師高考歷屆試題\104年_第二次\4_呼吸器原理及應用_更正答案.pdf
https://wwwq.moex.gov.tw/exam/wHandExamQandA_File.ashx?t=Q&code=104090&c=313&s=55&q=1	D:\Antigravity\test\呼吸治療師高考歷屆試題\104年_第二次\5_重症呼吸治療學_試題.pdf
https://wwwq.moex.gov.tw/exam/wHandExamQandA_File.ashx?t=S&code=104090&c=313&s=55&q=1	D:\Antigravity\test\呼吸治療師高考歷屆試題\104年_第二次\5_重症呼吸治療學_答案.pdf
https://wwwq.moex.gov.tw/exam/wHandExamQandA_File.ashx?t=M&code=104090&c=313&s=55&q=1	D:\Antigravity\test\呼吸治療師高考歷屆試題\104年_第二次\5_重症呼吸治療學_更正答案.pdf
https://wwwq.moex.gov.tw/exam/wHandExamQandA_File.ashx?t=Q&code=104090&c=313&s=66&q=1	D:\Antigravity\test\呼吸治療師高考歷屆試題\104年_第二次\6_呼吸疾病學_試題.pdf
https://wwwq.moex.gov.tw/exam/wHandExamQandA_File.ashx?t=S&code=104090&c=313&s=66&q=1	D:\Antigravity\test\呼吸治療師高考歷屆試題\104年_第二次\6_呼吸疾病學_答案.pdf
https://wwwq.moex.gov.tw/exam/wHandExamQandA_File.ashx?t=Q&code=105020&c=313&s=11&q=1	D:\Antigravity\test\呼吸治療師高考歷屆試題\105年_第一次\1_心肺基礎醫學_試題.pdf
https://wwwq.moex.gov.tw/exam/wHandExamQandA_File.ashx?t=S&code=105020&c=313&s=11&q=1	D:\Antigravity\test\呼吸治療師高考歷屆試題\105年_第一次\1_心肺基礎醫學_答案.pdf
https://wwwq.moex.gov.tw/exam/wHandExamQandA_File.ashx?t=Q&code=105020&c=313&s=22&q=1	D:\Antigravity\test\呼吸治療師高考歷屆試題\105年_第一次\2_基礎呼吸治療學_試題.pdf
https://wwwq.moex.gov.tw/exam/wHandExamQandA_File.ashx?t=S&code=105020&c=313&s=22&q=1	D:\Antigravity\test\呼吸治療師高考歷屆試題\105年_第一次\2_基礎呼吸治療學_答案.pdf
https://wwwq.moex.gov.tw/exam/wHandExamQandA_File.ashx?t=M&code=105020&c=313&s=22&q=1	D:\Antigravity\test\呼吸治療師高考歷屆試題\105年_第一次\2_基礎呼吸治療學_更正答案.pdf
https://wwwq.moex.gov.tw/exam/wHandExamQandA_File.ashx?t=Q&code=105020&c=313&s=33&q=1	D:\Antigravity\test\呼吸治療師高考歷屆試題\105年_第一次\3_呼吸治療儀器設備學_試題.pdf
https://wwwq.moex.gov.tw/exam/wHandExamQandA_File.ashx?t=S&code=105020&c=313&s=33&q=1	D:\Antigravity\test\呼吸治療師高考歷屆試題\105年_第一次\3_呼吸治療儀器設備學_答案.pdf
https://wwwq.moex.gov.tw/exam/wHandExamQandA_File.ashx?t=Q&code=105020&c=313&s=44&q=1	D:\Antigravity\test\呼吸治療師高考歷屆試題\105年_第一次\4_呼吸器原理及應用_試題.pdf
https://wwwq.moex.gov.tw/exam/wHandExamQandA_File.ashx?t=S&code=105020&c=313&s=44&q=1	D:\Antigravity\test\呼吸治療師高考歷屆試題\105年_第一次\4_呼吸器原理及應用_答案.pdf
https://wwwq.moex.gov.tw/exam/wHandExamQandA_File.ashx?t=M&code=105020&c=313&s=44&q=1	D:\Antigravity\test\呼吸治療師高考歷屆試題\105年_第一次\4_呼吸器原理及應用_更正答案.pdf
https://wwwq.moex.gov.tw/exam/wHandExamQandA_File.ashx?t=Q&code=105020&c=313&s=55&q=1	D:\Antigravity\test\呼吸治療師高考歷屆試題\105年_第一次\5_重症呼吸治療學_試題.pdf
https://wwwq.moex.gov.tw/exam/wHandExamQandA_File.ashx?t=S&code=105020&c=313&s=55&q=1	D:\Antigravity\test\呼吸治療師高考歷屆試題\105年_第一次\5_重症呼吸治療學_答案.pdf
https://wwwq.moex.gov.tw/exam/wHandExamQandA_File.ashx?t=Q&code=105020&c=313&s=66&q=1	D:\Antigravity\test\呼吸治療師高考歷屆試題\105年_第一次\6_呼吸疾病學_試題.pdf
https://wwwq.moex.gov.tw/exam/wHandExamQandA_File.ashx?t=S&code=105020&c=313&s=66&q=1	D:\Antigravity\test\呼吸治療師高考歷屆試題\105年_第一次\6_呼吸疾病學_答案.pdf
https://wwwq.moex.gov.tw/exam/wHandExamQandA_File.ashx?t=Q&code=105100&c=313&s=11&q=1	D:\Antigravity\test\呼吸治療師高考歷屆試題\105年_第二次\1_心肺基礎醫學_試題.pdf
https://wwwq.moex.gov.tw/exam/wHandExamQandA_File.ashx?t=S&code=105100&c=313&s=11&q=1	D:\Antigravity\test\呼吸治療師高考歷屆試題\105年_第二次\1_心肺基礎醫學_答案.pdf
https://wwwq.moex.gov.tw/exam/wHandExamQandA_File.ashx?t=Q&code=105100&c=313&s=22&q=1	D:\Antigravity\test\呼吸治療師高考歷屆試題\105年_第二次\2_基礎呼吸治療學_試題.pdf
https://wwwq.moex.gov.tw/exam/wHandExamQandA_File.ashx?t=S&code=105100&c=313&s=22&q=1	D:\Antigravity\test\呼吸治療師高考歷屆試題\105年_第二次\2_基礎呼吸治療學_答案.pdf
https://wwwq.moex.gov.tw/exam/wHandExamQandA_File.ashx?t=M&code=105100&c=313&s=22&q=1	D:\Antigravity\test\呼吸治療師高考歷屆試題\105年_第二次\2_基礎呼吸治療學_更正答案.pdf
https://wwwq.moex.gov.tw/exam/wHandExamQandA_File.ashx?t=Q&code=105100&c=313&s=33&q=1	D:\Antigravity\test\呼吸治療師高考歷屆試題\105年_第二次\3_呼吸治療儀器設備學_試題.pdf
https://wwwq.moex.gov.tw/exam/wHandExamQandA_File.ashx?t=S&code=105100&c=313&s=33&q=1	D:\Antigravity\test\呼吸治療師高考歷屆試題\105年_第二次\3_呼吸治療儀器設備學_答案.pdf
https://wwwq.moex.gov.tw/exam/wHandExamQandA_File.ashx?t=M&code=105100&c=313&s=33&q=1	D:\Antigravity\test\呼吸治療師高考歷屆試題\105年_第二次\3_呼吸治療儀器設備學_更正答案.pdf
https://wwwq.moex.gov.tw/exam/wHandExamQandA_File.ashx?t=Q&code=105100&c=313&s=44&q=1	D:\Antigravity\test\呼吸治療師高考歷屆試題\105年_第二次\4_呼吸器原理及應用_試題.pdf
https://wwwq.moex.gov.tw/exam/wHandExamQandA_File.ashx?t=S&code=105100&c=313&s=44&q=1	D:\Antigravity\test\呼吸治療師高考歷屆試題\105年_第二次\4_呼吸器原理及應用_答案.pdf
https://wwwq.moex.gov.tw/exam/wHandExamQandA_File.ashx?t=M&code=105100&c=313&s=44&q=1	D:\Antigravity\test\呼吸治療師高考歷屆試題\105年_第二次\4_呼吸器原理及應用_更正答案.pdf
https://wwwq.moex.gov.tw/exam/wHandExamQandA_File.ashx?t=Q&code=105100&c=313&s=55&q=1	D:\Antigravity\test\呼吸治療師高考歷屆試題\105年_第二次\5_重症呼吸治療學_試題.pdf
https://wwwq.moex.gov.tw/exam/wHandExamQandA_File.ashx?t=S&code=105100&c=313&s=55&q=1	D:\Antigravity\test\呼吸治療師高考歷屆試題\105年_第二次\5_重症呼吸治療學_答案.pdf
https://wwwq.moex.gov.tw/exam/wHandExamQandA_File.ashx?t=M&code=105100&c=313&s=55&q=1	D:\Antigravity\test\呼吸治療師高考歷屆試題\105年_第二次\5_重症呼吸治療學_更正答案.pdf
https://wwwq.moex.gov.tw/exam/wHandExamQandA_File.ashx?t=Q&code=105100&c=313&s=66&q=1	D:\Antigravity\test\呼吸治療師高考歷屆試題\105年_第二次\6_呼吸疾病學_試題.pdf
https://wwwq.moex.gov.tw/exam/wHandExamQandA_File.ashx?t=S&code=105100&c=313&s=66&q=1	D:\Antigravity\test\呼吸治療師高考歷屆試題\105年_第二次\6_呼吸疾病學_答案.pdf
https://wwwq.moex.gov.tw/exam/wHandExamQandA_File.ashx?t=M&code=105100&c=313&s=66&q=1	D:\Antigravity\test\呼吸治療師高考歷屆試題\105年_第二次\6_呼吸疾病學_更正答案.pdf
https://wwwq.moex.gov.tw/exam/wHandExamQandA_File.ashx?t=Q&code=106020&c=313&s=11&q=1	D:\Antigravity\test\呼吸治療師高考歷屆試題\106年_第一次\1_心肺基礎醫學_試題.pdf
https://wwwq.moex.gov.tw/exam/wHandExamQandA_File.ashx?t=S&code=106020&c=313&s=11&q=1	D:\Antigravity\test\呼吸治療師高考歷屆試題\106年_第一次\1_心肺基礎醫學_答案.pdf
https://wwwq.moex.gov.tw/exam/wHandExamQandA_File.ashx?t=Q&code=106020&c=313&s=22&q=1	D:\Antigravity\test\呼吸治療師高考歷屆試題\106年_第一次\2_基礎呼吸治療學_試題.pdf
https://wwwq.moex.gov.tw/exam/wHandExamQandA_File.ashx?t=S&code=106020&c=313&s=22&q=1	D:\Antigravity\test\呼吸治療師高考歷屆試題\106年_第一次\2_基礎呼吸治療學_答案.pdf
https://wwwq.moex.gov.tw/exam/wHandExamQandA_File.ashx?t=Q&code=106020&c=313&s=33&q=1	D:\Antigravity\test\呼吸治療師高考歷屆試題\106年_第一次\3_呼吸治療儀器設備學_試題.pdf
https://wwwq.moex.gov.tw/exam/wHandExamQandA_File.ashx?t=S&code=106020&c=313&s=33&q=1	D:\Antigravity\test\呼吸治療師高考歷屆試題\106年_第一次\3_呼吸治療儀器設備學_答案.pdf
https://wwwq.moex.gov.tw/exam/wHandExamQandA_File.ashx?t=Q&code=106020&c=313&s=44&q=1	D:\Antigravity\test\呼吸治療師高考歷屆試題\106年_第一次\4_呼吸器原理及應用_試題.pdf
https://wwwq.moex.gov.tw/exam/wHandExamQandA_File.ashx?t=S&code=106020&c=313&s=44&q=1	D:\Antigravity\test\呼吸治療師高考歷屆試題\106年_第一次\4_呼吸器原理及應用_答案.pdf
https://wwwq.moex.gov.tw/exam/wHandExamQandA_File.ashx?t=Q&code=106020&c=313&s=55&q=1	D:\Antigravity\test\呼吸治療師高考歷屆試題\106年_第一次\5_重症呼吸治療學_試題.pdf
https://wwwq.moex.gov.tw/exam/wHandExamQandA_File.ashx?t=S&code=106020&c=313&s=55&q=1	D:\Antigravity\test\呼吸治療師高考歷屆試題\106年_第一次\5_重症呼吸治療學_答案.pdf
https://wwwq.moex.gov.tw/exam/wHandExamQandA_File.ashx?t=Q&code=106020&c=313&s=66&q=1	D:\Antigravity\test\呼吸治療師高考歷屆試題\106年_第一次\6_呼吸疾病學_試題.pdf
https://wwwq.moex.gov.tw/exam/wHandExamQandA_File.ashx?t=S&code=106020&c=313&s=66&q=1	D:\Antigravity\test\呼吸治療師高考歷屆試題\106年_第一次\6_呼吸疾病學_答案.pdf
https://wwwq.moex.gov.tw/exam/wHandExamQandA_File.ashx?t=Q&code=106100&c=313&s=11&q=1	D:\Antigravity\test\呼吸治療師高考歷屆試題\106年_第二次\1_心肺基礎醫學_試題.pdf
https://wwwq.moex.gov.tw/exam/wHandExamQandA_File.ashx?t=S&code=106100&c=313&s=11&q=1	D:\Antigravity\test\呼吸治療師高考歷屆試題\106年_第二次\1_心肺基礎醫學_答案.pdf
https://wwwq.moex.gov.tw/exam/wHandExamQandA_File.ashx?t=Q&code=106100&c=313&s=22&q=1	D:\Antigravity\test\呼吸治療師高考歷屆試題\106年_第二次\2_基礎呼吸治療學_試題.pdf
https://wwwq.moex.gov.tw/exam/wHandExamQandA_File.ashx?t=S&code=106100&c=313&s=22&q=1	D:\Antigravity\test\呼吸治療師高考歷屆試題\106年_第二次\2_基礎呼吸治療學_答案.pdf
https://wwwq.moex.gov.tw/exam/wHandExamQandA_File.ashx?t=M&code=106100&c=313&s=22&q=1	D:\Antigravity\test\呼吸治療師高考歷屆試題\106年_第二次\2_基礎呼吸治療學_更正答案.pdf
https://wwwq.moex.gov.tw/exam/wHandExamQandA_File.ashx?t=Q&code=106100&c=313&s=33&q=1	D:\Antigravity\test\呼吸治療師高考歷屆試題\106年_第二次\3_呼吸治療儀器設備學_試題.pdf
https://wwwq.moex.gov.tw/exam/wHandExamQandA_File.ashx?t=S&code=106100&c=313&s=33&q=1	D:\Antigravity\test\呼吸治療師高考歷屆試題\106年_第二次\3_呼吸治療儀器設備學_答案.pdf
https://wwwq.moex.gov.tw/exam/wHandExamQandA_File.ashx?t=Q&code=106100&c=313&s=44&q=1	D:\Antigravity\test\呼吸治療師高考歷屆試題\106年_第二次\4_呼吸器原理及應用_試題.pdf
https://wwwq.moex.gov.tw/exam/wHandExamQandA_File.ashx?t=S&code=106100&c=313&s=44&q=1	D:\Antigravity\test\呼吸治療師高考歷屆試題\106年_第二次\4_呼吸器原理及應用_答案.pdf
https://wwwq.moex.gov.tw/exam/wHandExamQandA_File.ashx?t=M&code=106100&c=313&s=44&q=1	D:\Antigravity\test\呼吸治療師高考歷屆試題\106年_第二次\4_呼吸器原理及應用_更正答案.pdf
https://wwwq.moex.gov.tw/exam/wHandExamQandA_File.ashx?t=Q&code=106100&c=313&s=55&q=1	D:\Antigravity\test\呼吸治療師高考歷屆試題\106年_第二次\5_重症呼吸治療學_試題.pdf
https://wwwq.moex.gov.tw/exam/wHandExamQandA_File.ashx?t=S&code=106100&c=313&s=55&q=1	D:\Antigravity\test\呼吸治療師高考歷屆試題\106年_第二次\5_重症呼吸治療學_答案.pdf
https://wwwq.moex.gov.tw/exam/wHandExamQandA_File.ashx?t=Q&code=106100&c=313&s=66&q=1	D:\Antigravity\test\呼吸治療師高考歷屆試題\106年_第二次\6_呼吸疾病學_試題.pdf
https://wwwq.moex.gov.tw/exam/wHandExamQandA_File.ashx?t=S&code=106100&c=313&s=66&q=1	D:\Antigravity\test\呼吸治療師高考歷屆試題\106年_第二次\6_呼吸疾病學_答案.pdf
https://wwwq.moex.gov.tw/exam/wHandExamQandA_File.ashx?t=Q&code=107020&c=313&s=11&q=1	D:\Antigravity\test\呼吸治療師高考歷屆試題\107年_第一次\1_心肺基礎醫學_試題.pdf
https://wwwq.moex.gov.tw/exam/wHandExamQandA_File.ashx?t=S&code=107020&c=313&s=11&q=1	D:\Antigravity\test\呼吸治療師高考歷屆試題\107年_第一次\1_心肺基礎醫學_答案.pdf
https://wwwq.moex.gov.tw/exam/wHandExamQandA_File.ashx?t=Q&code=107020&c=313&s=22&q=1	D:\Antigravity\test\呼吸治療師高考歷屆試題\107年_第一次\2_基礎呼吸治療學_試題.pdf
https://wwwq.moex.gov.tw/exam/wHandExamQandA_File.ashx?t=S&code=107020&c=313&s=22&q=1	D:\Antigravity\test\呼吸治療師高考歷屆試題\107年_第一次\2_基礎呼吸治療學_答案.pdf
https://wwwq.moex.gov.tw/exam/wHandExamQandA_File.ashx?t=Q&code=107020&c=313&s=33&q=1	D:\Antigravity\test\呼吸治療師高考歷屆試題\107年_第一次\3_呼吸治療儀器設備學_試題.pdf
https://wwwq.moex.gov.tw/exam/wHandExamQandA_File.ashx?t=S&code=107020&c=313&s=33&q=1	D:\Antigravity\test\呼吸治療師高考歷屆試題\107年_第一次\3_呼吸治療儀器設備學_答案.pdf
https://wwwq.moex.gov.tw/exam/wHandExamQandA_File.ashx?t=Q&code=107020&c=313&s=44&q=1	D:\Antigravity\test\呼吸治療師高考歷屆試題\107年_第一次\4_呼吸器原理及應用_試題.pdf
https://wwwq.moex.gov.tw/exam/wHandExamQandA_File.ashx?t=S&code=107020&c=313&s=44&q=1	D:\Antigravity\test\呼吸治療師高考歷屆試題\107年_第一次\4_呼吸器原理及應用_答案.pdf
https://wwwq.moex.gov.tw/exam/wHandExamQandA_File.ashx?t=Q&code=107020&c=313&s=55&q=1	D:\Antigravity\test\呼吸治療師高考歷屆試題\107年_第一次\5_重症呼吸治療學_試題.pdf
https://wwwq.moex.gov.tw/exam/wHandExamQandA_File.ashx?t=S&code=107020&c=313&s=55&q=1	D:\Antigravity\test\呼吸治療師高考歷屆試題\107年_第一次\5_重症呼吸治療學_答案.pdf
https://wwwq.moex.gov.tw/exam/wHandExamQandA_File.ashx?t=Q&code=107020&c=313&s=66&q=1	D:\Antigravity\test\呼吸治療師高考歷屆試題\107年_第一次\6_呼吸疾病學_試題.pdf
https://wwwq.moex.gov.tw/exam/wHandExamQandA_File.ashx?t=S&code=107020&c=313&s=66&q=1	D:\Antigravity\test\呼吸治療師高考歷屆試題\107年_第一次\6_呼吸疾病學_答案.pdf
https://wwwq.moex.gov.tw/exam/wHandExamQandA_File.ashx?t=Q&code=107100&c=313&s=11&q=1	D:\Antigravity\test\呼吸治療師高考歷屆試題\107年_第二次\1_心肺基礎醫學_試題.pdf
https://wwwq.moex.gov.tw/exam/wHandExamQandA_File.ashx?t=S&code=107100&c=313&s=11&q=1	D:\Antigravity\test\呼吸治療師高考歷屆試題\107年_第二次\1_心肺基礎醫學_答案.pdf
https://wwwq.moex.gov.tw/exam/wHandExamQandA_File.ashx?t=Q&code=107100&c=313&s=22&q=1	D:\Antigravity\test\呼吸治療師高考歷屆試題\107年_第二次\2_基礎呼吸治療學_試題.pdf
https://wwwq.moex.gov.tw/exam/wHandExamQandA_File.ashx?t=S&code=107100&c=313&s=22&q=1	D:\Antigravity\test\呼吸治療師高考歷屆試題\107年_第二次\2_基礎呼吸治療學_答案.pdf
https://wwwq.moex.gov.tw/exam/wHandExamQandA_File.ashx?t=M&code=107100&c=313&s=22&q=1	D:\Antigravity\test\呼吸治療師高考歷屆試題\107年_第二次\2_基礎呼吸治療學_更正答案.pdf
https://wwwq.moex.gov.tw/exam/wHandExamQandA_File.ashx?t=Q&code=107100&c=313&s=33&q=1	D:\Antigravity\test\呼吸治療師高考歷屆試題\107年_第二次\3_呼吸治療儀器設備學_試題.pdf
https://wwwq.moex.gov.tw/exam/wHandExamQandA_File.ashx?t=S&code=107100&c=313&s=33&q=1	D:\Antigravity\test\呼吸治療師高考歷屆試題\107年_第二次\3_呼吸治療儀器設備學_答案.pdf
https://wwwq.moex.gov.tw/exam/wHandExamQandA_File.ashx?t=M&code=107100&c=313&s=33&q=1	D:\Antigravity\test\呼吸治療師高考歷屆試題\107年_第二次\3_呼吸治療儀器設備學_更正答案.pdf
https://wwwq.moex.gov.tw/exam/wHandExamQandA_File.ashx?t=Q&code=107100&c=313&s=44&q=1	D:\Antigravity\test\呼吸治療師高考歷屆試題\107年_第二次\4_呼吸器原理及應用_試題.pdf
https://wwwq.moex.gov.tw/exam/wHandExamQandA_File.ashx?t=S&code=107100&c=313&s=44&q=1	D:\Antigravity\test\呼吸治療師高考歷屆試題\107年_第二次\4_呼吸器原理及應用_答案.pdf
https://wwwq.moex.gov.tw/exam/wHandExamQandA_File.ashx?t=M&code=107100&c=313&s=44&q=1	D:\Antigravity\test\呼吸治療師高考歷屆試題\107年_第二次\4_呼吸器原理及應用_更正答案.pdf
https://wwwq.moex.gov.tw/exam/wHandExamQandA_File.ashx?t=Q&code=107100&c=313&s=55&q=1	D:\Antigravity\test\呼吸治療師高考歷屆試題\107年_第二次\5_重症呼吸治療學_試題.pdf
https://wwwq.moex.gov.tw/exam/wHandExamQandA_File.ashx?t=S&code=107100&c=313&s=55&q=1	D:\Antigravity\test\呼吸治療師高考歷屆試題\107年_第二次\5_重症呼吸治療學_答案.pdf
https://wwwq.moex.gov.tw/exam/wHandExamQandA_File.ashx?t=M&code=107100&c=313&s=55&q=1	D:\Antigravity\test\呼吸治療師高考歷屆試題\107年_第二次\5_重症呼吸治療學_更正答案.pdf
https://wwwq.moex.gov.tw/exam/wHandExamQandA_File.ashx?t=Q&code=107100&c=313&s=66&q=1	D:\Antigravity\test\呼吸治療師高考歷屆試題\107年_第二次\6_呼吸疾病學_試題.pdf
https://wwwq.moex.gov.tw/exam/wHandExamQandA_File.ashx?t=S&code=107100&c=313&s=66&q=1	D:\Antigravity\test\呼吸治療師高考歷屆試題\107年_第二次\6_呼吸疾病學_答案.pdf
https://wwwq.moex.gov.tw/exam/wHandExamQandA_File.ashx?t=Q&code=108030&c=313&s=11&q=1	D:\Antigravity\test\呼吸治療師高考歷屆試題\108年_第一次\1_心肺基礎醫學_試題.pdf
https://wwwq.moex.gov.tw/exam/wHandExamQandA_File.ashx?t=S&code=108030&c=313&s=11&q=1	D:\Antigravity\test\呼吸治療師高考歷屆試題\108年_第一次\1_心肺基礎醫學_答案.pdf
https://wwwq.moex.gov.tw/exam/wHandExamQandA_File.ashx?t=Q&code=108030&c=313&s=22&q=1	D:\Antigravity\test\呼吸治療師高考歷屆試題\108年_第一次\2_基礎呼吸治療學_試題.pdf
https://wwwq.moex.gov.tw/exam/wHandExamQandA_File.ashx?t=S&code=108030&c=313&s=22&q=1	D:\Antigravity\test\呼吸治療師高考歷屆試題\108年_第一次\2_基礎呼吸治療學_答案.pdf
https://wwwq.moex.gov.tw/exam/wHandExamQandA_File.ashx?t=Q&code=108030&c=313&s=33&q=1	D:\Antigravity\test\呼吸治療師高考歷屆試題\108年_第一次\3_呼吸治療儀器設備學_試題.pdf
https://wwwq.moex.gov.tw/exam/wHandExamQandA_File.ashx?t=S&code=108030&c=313&s=33&q=1	D:\Antigravity\test\呼吸治療師高考歷屆試題\108年_第一次\3_呼吸治療儀器設備學_答案.pdf
https://wwwq.moex.gov.tw/exam/wHandExamQandA_File.ashx?t=Q&code=108030&c=313&s=44&q=1	D:\Antigravity\test\呼吸治療師高考歷屆試題\108年_第一次\4_呼吸器原理及應用_試題.pdf
https://wwwq.moex.gov.tw/exam/wHandExamQandA_File.ashx?t=S&code=108030&c=313&s=44&q=1	D:\Antigravity\test\呼吸治療師高考歷屆試題\108年_第一次\4_呼吸器原理及應用_答案.pdf
https://wwwq.moex.gov.tw/exam/wHandExamQandA_File.ashx?t=Q&code=108030&c=313&s=55&q=1	D:\Antigravity\test\呼吸治療師高考歷屆試題\108年_第一次\5_重症呼吸治療學_試題.pdf
https://wwwq.moex.gov.tw/exam/wHandExamQandA_File.ashx?t=S&code=108030&c=313&s=55&q=1	D:\Antigravity\test\呼吸治療師高考歷屆試題\108年_第一次\5_重症呼吸治療學_答案.pdf
https://wwwq.moex.gov.tw/exam/wHandExamQandA_File.ashx?t=Q&code=108030&c=313&s=66&q=1	D:\Antigravity\test\呼吸治療師高考歷屆試題\108年_第一次\6_呼吸疾病學_試題.pdf
https://wwwq.moex.gov.tw/exam/wHandExamQandA_File.ashx?t=S&code=108030&c=313&s=66&q=1	D:\Antigravity\test\呼吸治療師高考歷屆試題\108年_第一次\6_呼吸疾病學_答案.pdf
https://wwwq.moex.gov.tw/exam/wHandExamQandA_File.ashx?t=Q&code=108100&c=313&s=11&q=1	D:\Antigravity\test\呼吸治療師高考歷屆試題\108年_第二次\1_心肺基礎醫學_試題.pdf
https://wwwq.moex.gov.tw/exam/wHandExamQandA_File.ashx?t=S&code=108100&c=313&s=11&q=1	D:\Antigravity\test\呼吸治療師高考歷屆試題\108年_第二次\1_心肺基礎醫學_答案.pdf
https://wwwq.moex.gov.tw/exam/wHandExamQandA_File.ashx?t=Q&code=108100&c=313&s=22&q=1	D:\Antigravity\test\呼吸治療師高考歷屆試題\108年_第二次\2_基礎呼吸治療學_試題.pdf
https://wwwq.moex.gov.tw/exam/wHandExamQandA_File.ashx?t=S&code=108100&c=313&s=22&q=1	D:\Antigravity\test\呼吸治療師高考歷屆試題\108年_第二次\2_基礎呼吸治療學_答案.pdf
https://wwwq.moex.gov.tw/exam/wHandExamQandA_File.ashx?t=M&code=108100&c=313&s=22&q=1	D:\Antigravity\test\呼吸治療師高考歷屆試題\108年_第二次\2_基礎呼吸治療學_更正答案.pdf
https://wwwq.moex.gov.tw/exam/wHandExamQandA_File.ashx?t=Q&code=108100&c=313&s=33&q=1	D:\Antigravity\test\呼吸治療師高考歷屆試題\108年_第二次\3_呼吸治療儀器設備學_試題.pdf
https://wwwq.moex.gov.tw/exam/wHandExamQandA_File.ashx?t=S&code=108100&c=313&s=33&q=1	D:\Antigravity\test\呼吸治療師高考歷屆試題\108年_第二次\3_呼吸治療儀器設備學_答案.pdf
https://wwwq.moex.gov.tw/exam/wHandExamQandA_File.ashx?t=M&code=108100&c=313&s=33&q=1	D:\Antigravity\test\呼吸治療師高考歷屆試題\108年_第二次\3_呼吸治療儀器設備學_更正答案.pdf
https://wwwq.moex.gov.tw/exam/wHandExamQandA_File.ashx?t=Q&code=108100&c=313&s=44&q=1	D:\Antigravity\test\呼吸治療師高考歷屆試題\108年_第二次\4_呼吸器原理及應用_試題.pdf
https://wwwq.moex.gov.tw/exam/wHandExamQandA_File.ashx?t=S&code=108100&c=313&s=44&q=1	D:\Antigravity\test\呼吸治療師高考歷屆試題\108年_第二次\4_呼吸器原理及應用_答案.pdf
https://wwwq.moex.gov.tw/exam/wHandExamQandA_File.ashx?t=M&code=108100&c=313&s=44&q=1	D:\Antigravity\test\呼吸治療師高考歷屆試題\108年_第二次\4_呼吸器原理及應用_更正答案.pdf
https://wwwq.moex.gov.tw/exam/wHandExamQandA_File.ashx?t=Q&code=108100&c=313&s=55&q=1	D:\Antigravity\test\呼吸治療師高考歷屆試題\108年_第二次\5_重症呼吸治療學_試題.pdf
https://wwwq.moex.gov.tw/exam/wHandExamQandA_File.ashx?t=S&code=108100&c=313&s=55&q=1	D:\Antigravity\test\呼吸治療師高考歷屆試題\108年_第二次\5_重症呼吸治療學_答案.pdf
https://wwwq.moex.gov.tw/exam/wHandExamQandA_File.ashx?t=M&code=108100&c=313&s=55&q=1	D:\Antigravity\test\呼吸治療師高考歷屆試題\108年_第二次\5_重症呼吸治療學_更正答案.pdf
https://wwwq.moex.gov.tw/exam/wHandExamQandA_File.ashx?t=Q&code=108100&c=313&s=66&q=1	D:\Antigravity\test\呼吸治療師高考歷屆試題\108年_第二次\6_呼吸疾病學_試題.pdf
https://wwwq.moex.gov.tw/exam/wHandExamQandA_File.ashx?t=S&code=108100&c=313&s=66&q=1	D:\Antigravity\test\呼吸治療師高考歷屆試題\108年_第二次\6_呼吸疾病學_答案.pdf
https://wwwq.moex.gov.tw/exam/wHandExamQandA_File.ashx?t=M&code=108100&c=313&s=66&q=1	D:\Antigravity\test\呼吸治療師高考歷屆試題\108年_第二次\6_呼吸疾病學_更正答案.pdf
https://wwwq.moex.gov.tw/exam/wHandExamQandA_File.ashx?t=Q&code=109020&c=313&s=11&q=1	D:\Antigravity\test\呼吸治療師高考歷屆試題\109年_第一次\1_心肺基礎醫學_試題.pdf
https://wwwq.moex.gov.tw/exam/wHandExamQandA_File.ashx?t=S&code=109020&c=313&s=11&q=1	D:\Antigravity\test\呼吸治療師高考歷屆試題\109年_第一次\1_心肺基礎醫學_答案.pdf
https://wwwq.moex.gov.tw/exam/wHandExamQandA_File.ashx?t=Q&code=109020&c=313&s=22&q=1	D:\Antigravity\test\呼吸治療師高考歷屆試題\109年_第一次\2_基礎呼吸治療學_試題.pdf
https://wwwq.moex.gov.tw/exam/wHandExamQandA_File.ashx?t=S&code=109020&c=313&s=22&q=1	D:\Antigravity\test\呼吸治療師高考歷屆試題\109年_第一次\2_基礎呼吸治療學_答案.pdf
https://wwwq.moex.gov.tw/exam/wHandExamQandA_File.ashx?t=Q&code=109020&c=313&s=33&q=1	D:\Antigravity\test\呼吸治療師高考歷屆試題\109年_第一次\3_呼吸治療儀器設備學_試題.pdf
https://wwwq.moex.gov.tw/exam/wHandExamQandA_File.ashx?t=S&code=109020&c=313&s=33&q=1	D:\Antigravity\test\呼吸治療師高考歷屆試題\109年_第一次\3_呼吸治療儀器設備學_答案.pdf
https://wwwq.moex.gov.tw/exam/wHandExamQandA_File.ashx?t=Q&code=109020&c=313&s=44&q=1	D:\Antigravity\test\呼吸治療師高考歷屆試題\109年_第一次\4_呼吸器原理及應用_試題.pdf
https://wwwq.moex.gov.tw/exam/wHandExamQandA_File.ashx?t=S&code=109020&c=313&s=44&q=1	D:\Antigravity\test\呼吸治療師高考歷屆試題\109年_第一次\4_呼吸器原理及應用_答案.pdf
https://wwwq.moex.gov.tw/exam/wHandExamQandA_File.ashx?t=Q&code=109020&c=313&s=55&q=1	D:\Antigravity\test\呼吸治療師高考歷屆試題\109年_第一次\5_重症呼吸治療學_試題.pdf
https://wwwq.moex.gov.tw/exam/wHandExamQandA_File.ashx?t=S&code=109020&c=313&s=55&q=1	D:\Antigravity\test\呼吸治療師高考歷屆試題\109年_第一次\5_重症呼吸治療學_答案.pdf
https://wwwq.moex.gov.tw/exam/wHandExamQandA_File.ashx?t=Q&code=109020&c=313&s=66&q=1	D:\Antigravity\test\呼吸治療師高考歷屆試題\109年_第一次\6_呼吸疾病學_試題.pdf
https://wwwq.moex.gov.tw/exam/wHandExamQandA_File.ashx?t=S&code=109020&c=313&s=66&q=1	D:\Antigravity\test\呼吸治療師高考歷屆試題\109年_第一次\6_呼吸疾病學_答案.pdf
https://wwwq.moex.gov.tw/exam/wHandExamQandA_File.ashx?t=Q&code=109100&c=313&s=11&q=1	D:\Antigravity\test\呼吸治療師高考歷屆試題\109年_第二次\1_心肺基礎醫學_試題.pdf
https://wwwq.moex.gov.tw/exam/wHandExamQandA_File.ashx?t=S&code=109100&c=313&s=11&q=1	D:\Antigravity\test\呼吸治療師高考歷屆試題\109年_第二次\1_心肺基礎醫學_答案.pdf
https://wwwq.moex.gov.tw/exam/wHandExamQandA_File.ashx?t=M&code=109100&c=313&s=11&q=1	D:\Antigravity\test\呼吸治療師高考歷屆試題\109年_第二次\1_心肺基礎醫學_更正答案.pdf
https://wwwq.moex.gov.tw/exam/wHandExamQandA_File.ashx?t=Q&code=109100&c=313&s=22&q=1	D:\Antigravity\test\呼吸治療師高考歷屆試題\109年_第二次\2_基礎呼吸治療學_試題.pdf
https://wwwq.moex.gov.tw/exam/wHandExamQandA_File.ashx?t=S&code=109100&c=313&s=22&q=1	D:\Antigravity\test\呼吸治療師高考歷屆試題\109年_第二次\2_基礎呼吸治療學_答案.pdf
https://wwwq.moex.gov.tw/exam/wHandExamQandA_File.ashx?t=Q&code=109100&c=313&s=33&q=1	D:\Antigravity\test\呼吸治療師高考歷屆試題\109年_第二次\3_呼吸治療儀器設備學_試題.pdf
https://wwwq.moex.gov.tw/exam/wHandExamQandA_File.ashx?t=S&code=109100&c=313&s=33&q=1	D:\Antigravity\test\呼吸治療師高考歷屆試題\109年_第二次\3_呼吸治療儀器設備學_答案.pdf
https://wwwq.moex.gov.tw/exam/wHandExamQandA_File.ashx?t=Q&code=109100&c=313&s=44&q=1	D:\Antigravity\test\呼吸治療師高考歷屆試題\109年_第二次\4_呼吸器原理及應用_試題.pdf
https://wwwq.moex.gov.tw/exam/wHandExamQandA_File.ashx?t=S&code=109100&c=313&s=44&q=1	D:\Antigravity\test\呼吸治療師高考歷屆試題\109年_第二次\4_呼吸器原理及應用_答案.pdf
https://wwwq.moex.gov.tw/exam/wHandExamQandA_File.ashx?t=M&code=109100&c=313&s=44&q=1	D:\Antigravity\test\呼吸治療師高考歷屆試題\109年_第二次\4_呼吸器原理及應用_更正答案.pdf
https://wwwq.moex.gov.tw/exam/wHandExamQandA_File.ashx?t=Q&code=109100&c=313&s=55&q=1	D:\Antigravity\test\呼吸治療師高考歷屆試題\109年_第二次\5_重症呼吸治療學_試題.pdf
https://wwwq.moex.gov.tw/exam/wHandExamQandA_File.ashx?t=S&code=109100&c=313&s=55&q=1	D:\Antigravity\test\呼吸治療師高考歷屆試題\109年_第二次\5_重症呼吸治療學_答案.pdf
https://wwwq.moex.gov.tw/exam/wHandExamQandA_File.ashx?t=M&code=109100&c=313&s=55&q=1	D:\Antigravity\test\呼吸治療師高考歷屆試題\109年_第二次\5_重症呼吸治療學_更正答案.pdf
https://wwwq.moex.gov.tw/exam/wHandExamQandA_File.ashx?t=Q&code=109100&c=313&s=66&q=1	D:\Antigravity\test\呼吸治療師高考歷屆試題\109年_第二次\6_呼吸疾病學_試題.pdf
https://wwwq.moex.gov.tw/exam/wHandExamQandA_File.ashx?t=S&code=109100&c=313&s=66&q=1	D:\Antigravity\test\呼吸治療師高考歷屆試題\109年_第二次\6_呼吸疾病學_答案.pdf
https://wwwq.moex.gov.tw/exam/wHandExamQandA_File.ashx?t=Q&code=110100&c=313&s=11&q=1	D:\Antigravity\test\呼吸治療師高考歷屆試題\110年_第二次\1_心肺基礎醫學_試題.pdf
https://wwwq.moex.gov.tw/exam/wHandExamQandA_File.ashx?t=S&code=110100&c=313&s=11&q=1	D:\Antigravity\test\呼吸治療師高考歷屆試題\110年_第二次\1_心肺基礎醫學_答案.pdf
https://wwwq.moex.gov.tw/exam/wHandExamQandA_File.ashx?t=Q&code=110100&c=313&s=22&q=1	D:\Antigravity\test\呼吸治療師高考歷屆試題\110年_第二次\2_基礎呼吸治療學_試題.pdf
https://wwwq.moex.gov.tw/exam/wHandExamQandA_File.ashx?t=S&code=110100&c=313&s=22&q=1	D:\Antigravity\test\呼吸治療師高考歷屆試題\110年_第二次\2_基礎呼吸治療學_答案.pdf
https://wwwq.moex.gov.tw/exam/wHandExamQandA_File.ashx?t=Q&code=110100&c=313&s=33&q=1	D:\Antigravity\test\呼吸治療師高考歷屆試題\110年_第二次\3_呼吸治療儀器設備學_試題.pdf
https://wwwq.moex.gov.tw/exam/wHandExamQandA_File.ashx?t=S&code=110100&c=313&s=33&q=1	D:\Antigravity\test\呼吸治療師高考歷屆試題\110年_第二次\3_呼吸治療儀器設備學_答案.pdf
https://wwwq.moex.gov.tw/exam/wHandExamQandA_File.ashx?t=M&code=110100&c=313&s=33&q=1	D:\Antigravity\test\呼吸治療師高考歷屆試題\110年_第二次\3_呼吸治療儀器設備學_更正答案.pdf
https://wwwq.moex.gov.tw/exam/wHandExamQandA_File.ashx?t=Q&code=110100&c=313&s=44&q=1	D:\Antigravity\test\呼吸治療師高考歷屆試題\110年_第二次\4_呼吸器原理及應用_試題.pdf
https://wwwq.moex.gov.tw/exam/wHandExamQandA_File.ashx?t=S&code=110100&c=313&s=44&q=1	D:\Antigravity\test\呼吸治療師高考歷屆試題\110年_第二次\4_呼吸器原理及應用_答案.pdf
https://wwwq.moex.gov.tw/exam/wHandExamQandA_File.ashx?t=Q&code=110100&c=313&s=55&q=1	D:\Antigravity\test\呼吸治療師高考歷屆試題\110年_第二次\5_重症呼吸治療學_試題.pdf
https://wwwq.moex.gov.tw/exam/wHandExamQandA_File.ashx?t=S&code=110100&c=313&s=55&q=1	D:\Antigravity\test\呼吸治療師高考歷屆試題\110年_第二次\5_重症呼吸治療學_答案.pdf
https://wwwq.moex.gov.tw/exam/wHandExamQandA_File.ashx?t=Q&code=110100&c=313&s=66&q=1	D:\Antigravity\test\呼吸治療師高考歷屆試題\110年_第二次\6_呼吸疾病學_試題.pdf
https://wwwq.moex.gov.tw/exam/wHandExamQandA_File.ashx?t=S&code=110100&c=313&s=66&q=1	D:\Antigravity\test\呼吸治療師高考歷屆試題\110年_第二次\6_呼吸疾病學_答案.pdf
https://wwwq.moex.gov.tw/exam/wHandExamQandA_File.ashx?t=Q&code=111100&c=313&s=11&q=1	D:\Antigravity\test\呼吸治療師高考歷屆試題\111年_第二次\1_心肺基礎醫學_試題.pdf
https://wwwq.moex.gov.tw/exam/wHandExamQandA_File.ashx?t=S&code=111100&c=313&s=11&q=1	D:\Antigravity\test\呼吸治療師高考歷屆試題\111年_第二次\1_心肺基礎醫學_答案.pdf
https://wwwq.moex.gov.tw/exam/wHandExamQandA_File.ashx?t=Q&code=111100&c=313&s=22&q=1	D:\Antigravity\test\呼吸治療師高考歷屆試題\111年_第二次\2_基礎呼吸治療學_試題.pdf
https://wwwq.moex.gov.tw/exam/wHandExamQandA_File.ashx?t=S&code=111100&c=313&s=22&q=1	D:\Antigravity\test\呼吸治療師高考歷屆試題\111年_第二次\2_基礎呼吸治療學_答案.pdf
https://wwwq.moex.gov.tw/exam/wHandExamQandA_File.ashx?t=Q&code=111100&c=313&s=33&q=1	D:\Antigravity\test\呼吸治療師高考歷屆試題\111年_第二次\3_呼吸治療儀器設備學_試題.pdf
https://wwwq.moex.gov.tw/exam/wHandExamQandA_File.ashx?t=S&code=111100&c=313&s=33&q=1	D:\Antigravity\test\呼吸治療師高考歷屆試題\111年_第二次\3_呼吸治療儀器設備學_答案.pdf
https://wwwq.moex.gov.tw/exam/wHandExamQandA_File.ashx?t=Q&code=111100&c=313&s=44&q=1	D:\Antigravity\test\呼吸治療師高考歷屆試題\111年_第二次\4_呼吸器原理及應用_試題.pdf
https://wwwq.moex.gov.tw/exam/wHandExamQandA_File.ashx?t=S&code=111100&c=313&s=44&q=1	D:\Antigravity\test\呼吸治療師高考歷屆試題\111年_第二次\4_呼吸器原理及應用_答案.pdf
https://wwwq.moex.gov.tw/exam/wHandExamQandA_File.ashx?t=Q&code=111100&c=313&s=55&q=1	D:\Antigravity\test\呼吸治療師高考歷屆試題\111年_第二次\5_重症呼吸治療學_試題.pdf
https://wwwq.moex.gov.tw/exam/wHandExamQandA_File.ashx?t=S&code=111100&c=313&s=55&q=1	D:\Antigravity\test\呼吸治療師高考歷屆試題\111年_第二次\5_重症呼吸治療學_答案.pdf
https://wwwq.moex.gov.tw/exam/wHandExamQandA_File.ashx?t=M&code=111100&c=313&s=55&q=1	D:\Antigravity\test\呼吸治療師高考歷屆試題\111年_第二次\5_重症呼吸治療學_更正答案.pdf
https://wwwq.moex.gov.tw/exam/wHandExamQandA_File.ashx?t=Q&code=111100&c=313&s=66&q=1	D:\Antigravity\test\呼吸治療師高考歷屆試題\111年_第二次\6_呼吸疾病學_試題.pdf
https://wwwq.moex.gov.tw/exam/wHandExamQandA_File.ashx?t=S&code=111100&c=313&s=66&q=1	D:\Antigravity\test\呼吸治療師高考歷屆試題\111年_第二次\6_呼吸疾病學_答案.pdf
https://wwwq.moex.gov.tw/exam/wHandExamQandA_File.ashx?t=Q&code=112100&c=313&s=11&q=1	D:\Antigravity\test\呼吸治療師高考歷屆試題\112年_第二次\1_心肺基礎醫學_試題.pdf
https://wwwq.moex.gov.tw/exam/wHandExamQandA_File.ashx?t=S&code=112100&c=313&s=11&q=1	D:\Antigravity\test\呼吸治療師高考歷屆試題\112年_第二次\1_心肺基礎醫學_答案.pdf
https://wwwq.moex.gov.tw/exam/wHandExamQandA_File.ashx?t=Q&code=112100&c=313&s=22&q=1	D:\Antigravity\test\呼吸治療師高考歷屆試題\112年_第二次\2_基礎呼吸治療學_試題.pdf
https://wwwq.moex.gov.tw/exam/wHandExamQandA_File.ashx?t=S&code=112100&c=313&s=22&q=1	D:\Antigravity\test\呼吸治療師高考歷屆試題\112年_第二次\2_基礎呼吸治療學_答案.pdf
https://wwwq.moex.gov.tw/exam/wHandExamQandA_File.ashx?t=Q&code=112100&c=313&s=33&q=1	D:\Antigravity\test\呼吸治療師高考歷屆試題\112年_第二次\3_呼吸治療儀器設備學_試題.pdf
https://wwwq.moex.gov.tw/exam/wHandExamQandA_File.ashx?t=S&code=112100&c=313&s=33&q=1	D:\Antigravity\test\呼吸治療師高考歷屆試題\112年_第二次\3_呼吸治療儀器設備學_答案.pdf
https://wwwq.moex.gov.tw/exam/wHandExamQandA_File.ashx?t=Q&code=112100&c=313&s=44&q=1	D:\Antigravity\test\呼吸治療師高考歷屆試題\112年_第二次\4_呼吸器原理及應用_試題.pdf
https://wwwq.moex.gov.tw/exam/wHandExamQandA_File.ashx?t=S&code=112100&c=313&s=44&q=1	D:\Antigravity\test\呼吸治療師高考歷屆試題\112年_第二次\4_呼吸器原理及應用_答案.pdf
https://wwwq.moex.gov.tw/exam/wHandExamQandA_File.ashx?t=Q&code=112100&c=313&s=55&q=1	D:\Antigravity\test\呼吸治療師高考歷屆試題\112年_第二次\5_重症呼吸治療學_試題.pdf
https://wwwq.moex.gov.tw/exam/wHandExamQandA_File.ashx?t=S&code=112100&c=313&s=55&q=1	D:\Antigravity\test\呼吸治療師高考歷屆試題\112年_第二次\5_重症呼吸治療學_答案.pdf
https://wwwq.moex.gov.tw/exam/wHandExamQandA_File.ashx?t=Q&code=112100&c=313&s=66&q=1	D:\Antigravity\test\呼吸治療師高考歷屆試題\112年_第二次\6_呼吸疾病學_試題.pdf
https://wwwq.moex.gov.tw/exam/wHandExamQandA_File.ashx?t=S&code=112100&c=313&s=66&q=1	D:\Antigravity\test\呼吸治療師高考歷屆試題\112年_第二次\6_呼吸疾病學_答案.pdf
https://wwwq.moex.gov.tw/exam/wHandExamQandA_File.ashx?t=Q&code=113090&c=313&s=11&q=1	D:\Antigravity\test\呼吸治療師高考歷屆試題\113年_第二次\1_心肺基礎醫學_試題.pdf
https://wwwq.moex.gov.tw/exam/wHandExamQandA_File.ashx?t=S&code=113090&c=313&s=11&q=1	D:\Antigravity\test\呼吸治療師高考歷屆試題\113年_第二次\1_心肺基礎醫學_答案.pdf
https://wwwq.moex.gov.tw/exam/wHandExamQandA_File.ashx?t=Q&code=113090&c=313&s=22&q=1	D:\Antigravity\test\呼吸治療師高考歷屆試題\113年_第二次\2_基礎呼吸治療學_試題.pdf
https://wwwq.moex.gov.tw/exam/wHandExamQandA_File.ashx?t=S&code=113090&c=313&s=22&q=1	D:\Antigravity\test\呼吸治療師高考歷屆試題\113年_第二次\2_基礎呼吸治療學_答案.pdf
https://wwwq.moex.gov.tw/exam/wHandExamQandA_File.ashx?t=Q&code=113090&c=313&s=33&q=1	D:\Antigravity\test\呼吸治療師高考歷屆試題\113年_第二次\3_呼吸治療儀器設備學_試題.pdf
https://wwwq.moex.gov.tw/exam/wHandExamQandA_File.ashx?t=S&code=113090&c=313&s=33&q=1	D:\Antigravity\test\呼吸治療師高考歷屆試題\113年_第二次\3_呼吸治療儀器設備學_答案.pdf
https://wwwq.moex.gov.tw/exam/wHandExamQandA_File.ashx?t=Q&code=113090&c=313&s=44&q=1	D:\Antigravity\test\呼吸治療師高考歷屆試題\113年_第二次\4_呼吸器原理及應用_試題.pdf
https://wwwq.moex.gov.tw/exam/wHandExamQandA_File.ashx?t=S&code=113090&c=313&s=44&q=1	D:\Antigravity\test\呼吸治療師高考歷屆試題\113年_第二次\4_呼吸器原理及應用_答案.pdf
https://wwwq.moex.gov.tw/exam/wHandExamQandA_File.ashx?t=M&code=113090&c=313&s=44&q=1	D:\Antigravity\test\呼吸治療師高考歷屆試題\113年_第二次\4_呼吸器原理及應用_更正答案.pdf
https://wwwq.moex.gov.tw/exam/wHandExamQandA_File.ashx?t=Q&code=113090&c=313&s=55&q=1	D:\Antigravity\test\呼吸治療師高考歷屆試題\113年_第二次\5_重症呼吸治療學_試題.pdf
https://wwwq.moex.gov.tw/exam/wHandExamQandA_File.ashx?t=S&code=113090&c=313&s=55&q=1	D:\Antigravity\test\呼吸治療師高考歷屆試題\113年_第二次\5_重症呼吸治療學_答案.pdf
https://wwwq.moex.gov.tw/exam/wHandExamQandA_File.ashx?t=M&code=113090&c=313&s=55&q=1	D:\Antigravity\test\呼吸治療師高考歷屆試題\113年_第二次\5_重症呼吸治療學_更正答案.pdf
https://wwwq.moex.gov.tw/exam/wHandExamQandA_File.ashx?t=Q&code=113090&c=313&s=66&q=1	D:\Antigravity\test\呼吸治療師高考歷屆試題\113年_第二次\6_呼吸疾病學_試題.pdf
https://wwwq.moex.gov.tw/exam/wHandExamQandA_File.ashx?t=S&code=113090&c=313&s=66&q=1	D:\Antigravity\test\呼吸治療師高考歷屆試題\113年_第二次\6_呼吸疾病學_答案.pdf
https://wwwq.moex.gov.tw/exam/wHandExamQandA_File.ashx?t=Q&code=114090&c=313&s=0901&q=1	D:\Antigravity\test\呼吸治療師高考歷屆試題\114年_第二次\1_心肺基礎醫學_試題.pdf
https://wwwq.moex.gov.tw/exam/wHandExamQandA_File.ashx?t=S&code=114090&c=313&s=0901&q=1	D:\Antigravity\test\呼吸治療師高考歷屆試題\114年_第二次\1_心肺基礎醫學_答案.pdf
https://wwwq.moex.gov.tw/exam/wHandExamQandA_File.ashx?t=Q&code=114090&c=313&s=0902&q=1	D:\Antigravity\test\呼吸治療師高考歷屆試題\114年_第二次\2_基礎呼吸治療學_試題.pdf
https://wwwq.moex.gov.tw/exam/wHandExamQandA_File.ashx?t=S&code=114090&c=313&s=0902&q=1	D:\Antigravity\test\呼吸治療師高考歷屆試題\114年_第二次\2_基礎呼吸治療學_答案.pdf
https://wwwq.moex.gov.tw/exam/wHandExamQandA_File.ashx?t=M&code=114090&c=313&s=0902&q=1	D:\Antigravity\test\呼吸治療師高考歷屆試題\114年_第二次\2_基礎呼吸治療學_更正答案.pdf
https://wwwq.moex.gov.tw/exam/wHandExamQandA_File.ashx?t=Q&code=114090&c=313&s=0903&q=1	D:\Antigravity\test\呼吸治療師高考歷屆試題\114年_第二次\3_呼吸治療儀器設備學_試題.pdf
https://wwwq.moex.gov.tw/exam/wHandExamQandA_File.ashx?t=S&code=114090&c=313&s=0903&q=1	D:\Antigravity\test\呼吸治療師高考歷屆試題\114年_第二次\3_呼吸治療儀器設備學_答案.pdf
https://wwwq.moex.gov.tw/exam/wHandExamQandA_File.ashx?t=M&code=114090&c=313&s=0903&q=1	D:\Antigravity\test\呼吸治療師高考歷屆試題\114年_第二次\3_呼吸治療儀器設備學_更正答案.pdf
https://wwwq.moex.gov.tw/exam/wHandExamQandA_File.ashx?t=Q&code=114090&c=313&s=0904&q=1	D:\Antigravity\test\呼吸治療師高考歷屆試題\114年_第二次\4_呼吸器原理及應用_試題.pdf
https://wwwq.moex.gov.tw/exam/wHandExamQandA_File.ashx?t=S&code=114090&c=313&s=0904&q=1	D:\Antigravity\test\呼吸治療師高考歷屆試題\114年_第二次\4_呼吸器原理及應用_答案.pdf
https://wwwq.moex.gov.tw/exam/wHandExamQandA_File.ashx?t=Q&code=114090&c=313&s=0905&q=1	D:\Antigravity\test\呼吸治療師高考歷屆試題\114年_第二次\5_重症呼吸治療學_試題.pdf
https://wwwq.moex.gov.tw/exam/wHandExamQandA_File.ashx?t=S&code=114090&c=313&s=0905&q=1	D:\Antigravity\test\呼吸治療師高考歷屆試題\114年_第二次\5_重症呼吸治療學_答案.pdf
https://wwwq.moex.gov.tw/exam/wHandExamQandA_File.ashx?t=Q&code=114090&c=313&s=0906&q=1	D:\Antigravity\test\呼吸治療師高考歷屆試題\114年_第二次\6_呼吸疾病學_試題.pdf
https://wwwq.moex.gov.tw/exam/wHandExamQandA_File.ashx?t=S&code=114090&c=313&s=0906&q=1	D:\Antigravity\test\呼吸治療師高考歷屆試題\114年_第二次\6_呼吸疾病學_答案.pdf
